timestamp_ns,center_x,center_y,bbox_x,bbox_y,bbox_w,bbox_h,bbox_area,score,class_id,manual_vx,manual_vy
15554994620157,730.235,255.170,704.816,229.878,50.839,50.585,2571.674,0.86779,0,-0.19000,-0.21500
15555130514501,730.358,255.094,705.031,229.698,50.652,50.792,2572.747,0.87528,0,-0.19000,-0.21500
15555458921302,730.210,254.874,704.733,229.401,50.954,50.946,2595.880,0.87638,0,-0.19000,-0.21500
15556578550288,730.171,255.196,704.545,229.755,51.251,50.882,2607.741,0.87156,0,-0.19000,-0.21000
15556928713853,730.845,254.717,705.302,229.296,51.086,50.841,2597.271,0.87788,0,-0.19000,-0.20500
15557244420950,731.416,254.112,706.508,229.040,49.817,50.144,2497.993,0.86561,2,-0.19000,-0.20500
15573617471810,566.605,282.510,542.160,257.566,48.889,49.889,2439.032,0.89161,0,-0.30500,-0.19000
15573780290333,566.636,282.332,542.162,257.464,48.947,49.736,2434.432,0.88893,0,-0.30000,-0.19000
15574015680777,566.190,282.213,541.795,257.567,48.790,49.292,2404.934,0.87313,2,-0.29500,-0.18500
15574512914193,566.900,282.462,542.496,257.716,48.808,49.491,2415.583,0.89100,0,-0.30000,-0.18500
15574681789522,566.988,282.518,542.515,257.542,48.948,49.953,2445.059,0.89410,0,-0.29500,-0.18000
15574882714295,566.306,282.443,541.480,257.400,49.652,50.086,2486.874,0.89428,0,-0.29000,-0.18000
15575051870779,566.887,282.062,541.419,256.963,50.936,50.198,2556.885,0.86653,2,-0.29000,-0.18500
15576149142816,566.676,282.539,542.052,257.626,49.247,49.826,2453.816,0.88953,0,-0.30500,-0.18500
15576349724063,566.208,282.427,541.685,257.728,49.047,49.398,2422.816,0.89061,0,-0.30500,-0.18500
15577217962182,566.946,282.292,542.502,257.381,48.890,49.822,2435.796,0.89088,0,-0.31000,-0.18000
15577385630239,566.814,282.259,542.201,257.160,49.226,50.199,2471.080,0.88858,0,-0.31000,-0.18000
15598436653225,403.082,231.840,377.063,206.365,52.037,50.949,2651.222,0.89282,0,-0.44500,-0.24000
15598607912312,403.188,231.851,376.928,206.498,52.521,50.706,2663.114,0.89040,0,-0.44500,-0.24000
15598740128509,402.579,232.103,376.415,206.715,52.328,50.774,2656.938,0.88547,0,-0.44500,-0.24000
15598972393560,403.062,231.825,376.618,206.245,52.889,51.160,2705.823,0.88639,0,-0.44500,-0.24000
15599137982177,403.782,231.944,377.071,206.375,53.423,51.138,2731.921,0.89003,0,-0.44500,-0.24000
15599306850731,403.356,231.795,377.244,206.602,52.222,50.387,2631.321,0.88779,0,-0.44500,-0.24000
15599441041669,403.096,231.661,376.539,206.272,53.114,50.779,2697.100,0.88487,0,-0.44500,-0.24000
15599708113880,403.115,231.810,376.798,206.340,52.636,50.939,2681.228,0.88551,0,-0.44500,-0.24000
15599874329911,403.240,232.031,377.116,206.704,52.248,50.655,2646.595,0.89485,0,-0.44500,-0.24000
15600040907738,402.941,231.872,376.667,206.271,52.548,51.203,2690.587,0.89602,0,-0.44500,-0.24000
15600140675746,403.091,232.059,376.681,206.734,52.819,50.649,2675.263,0.89301,0,-0.44500,-0.24000
15600277138693,403.464,232.302,377.236,206.962,52.457,50.679,2658.454,0.88644,0,-0.44500,-0.24000
15600412265700,403.322,231.774,376.849,206.302,52.945,50.944,2697.230,0.88473,0,-0.44500,-0.24000
15618957475290,253.001,224.269,227.495,198.973,51.012,50.593,2580.875,0.83057,2,-0.56500,-0.24500
15619891176382,252.968,224.406,227.478,200.064,50.979,48.684,2481.864,0.82704,2,-0.57000,-0.24500
15620093482070,252.505,224.519,227.279,200.067,50.452,48.904,2467.305,0.84547,2,-0.57000,-0.24500
15620726890439,252.946,225.065,227.459,200.150,50.974,49.829,2539.975,0.84275,2,-0.56500,-0.24500
15620960541259,252.884,224.797,227.188,199.820,51.393,49.956,2567.369,0.82996,2,-0.56500,-0.24500
15621130989062,253.237,224.198,227.945,199.481,50.584,49.433,2500.521,0.85130,2,-0.56500,-0.24500
15621926678851,253.056,224.314,227.592,199.393,50.928,49.843,2538.402,0.83328,2,-0.56500,-0.24000
15626165466334,253.417,224.237,228.491,199.418,49.852,49.637,2474.473,0.85087,2,-0.56500,-0.25000
15626335602184,253.235,224.474,227.769,199.561,50.932,49.826,2537.753,0.81556,2,-0.56500,-0.25000
15626432788347,253.438,224.612,228.816,200.065,49.243,49.094,2417.535,0.85197,2,-0.56500,-0.25000
15626600429303,253.615,224.622,228.330,199.622,50.570,50.000,2528.513,0.83594,2,-0.56500,-0.25000
15626771781414,254.264,224.449,228.627,199.317,51.275,50.262,2577.216,0.84099,2,-0.56500,-0.25000
15626902698982,253.945,224.639,228.160,199.832,51.570,49.614,2558.626,0.83617,2,-0.56500,-0.25000
15647619177413,254.708,224.648,229.000,199.091,51.416,51.113,2628.005,0.90129,0,-0.56000,-0.24500
15647789416622,254.421,224.421,229.031,199.144,50.782,50.554,2567.208,0.90013,0,-0.56000,-0.24500
15647923012293,253.874,224.429,227.976,199.006,51.795,50.845,2633.531,0.89980,0,-0.56000,-0.24500
15648089183089,254.213,224.764,228.092,199.042,52.242,51.444,2687.530,0.90219,0,-0.56000,-0.24500
15648255638278,254.703,225.072,229.219,199.847,50.968,50.451,2571.384,0.89914,0,-0.56000,-0.24500
15648489083935,254.640,224.617,229.281,199.432,50.719,50.368,2554.616,0.89979,0,-0.56000,-0.24500
15648623921611,254.600,224.551,228.356,198.993,52.489,51.115,2683.023,0.90272,0,-0.56000,-0.24500
15648759130255,254.498,224.745,228.567,199.342,51.861,50.806,2634.862,0.90216,0,-0.56000,-0.24500
15656996102824,179.955,216.778,154.488,191.182,50.934,51.193,2607.462,0.88806,0,-0.62000,-0.25500
15657132084676,179.952,216.907,154.331,191.305,51.243,51.203,2623.815,0.88818,0,-0.62000,-0.25500
15657496658190,180.186,216.788,155.232,191.480,49.907,50.615,2526.062,0.89656,0,-0.62000,-0.25500
15657631969798,180.180,216.974,154.863,191.458,50.634,51.032,2583.954,0.88832,0,-0.62000,-0.25500
15657767985438,179.936,216.976,154.429,191.524,51.013,50.904,2596.786,0.89398,0,-0.62000,-0.25500
15658562841019,180.331,216.586,155.458,191.323,49.745,50.525,2513.385,0.85790,2,-0.62500,-0.25000
15659265751937,180.459,217.184,155.420,191.888,50.080,50.592,2533.653,0.89216,0,-0.61500,-0.26000
15659565897605,180.594,217.059,155.660,191.938,49.867,50.243,2505.489,0.89124,0,-0.61500,-0.26000
15682287008967,194.818,296.601,169.213,270.885,51.209,51.431,2633.765,0.88835,0,-0.60500,-0.17500
15682387718053,194.857,296.238,168.561,270.111,52.591,52.255,2748.175,0.89406,0,-0.60500,-0.17500
15682690060149,194.529,296.083,168.782,270.241,51.495,51.685,2661.499,0.88655,0,-0.60500,-0.17500
15682789523973,194.960,295.798,169.421,270.210,51.077,51.176,2613.939,0.89662,0,-0.60500,-0.17500
15682958281827,194.861,295.896,169.377,270.095,50.968,51.602,2630.021,0.89357,0,-0.60500,-0.17500
15683057262576,195.202,295.686,169.789,270.251,50.826,50.869,2585.458,0.89180,0,-0.60500,-0.17500
15683421972546,194.871,295.767,169.534,270.348,50.674,50.838,2576.185,0.89178,0,-0.60500,-0.17500
15683591905365,194.732,296.443,169.336,270.458,50.792,51.969,2639.637,0.89124,0,-0.60500,-0.17500
15683757543319,194.359,295.966,168.426,269.958,51.867,52.017,2697.931,0.88740,0,-0.60500,-0.17500
15683891278852,194.629,295.941,168.786,269.978,51.687,51.926,2683.858,0.88870,0,-0.60500,-0.17500
15684091712652,194.545,296.003,168.893,270.226,51.303,51.555,2644.925,0.89360,0,-0.60500,-0.17500
15733760113544,195.712,307.287,169.683,281.846,52.058,50.883,2648.887,0.88387,0,-0.59500,-0.16000
15733891252023,195.944,307.259,169.457,281.291,52.975,51.936,2751.285,0.87722,0,-0.59500,-0.16000
15734257816331,195.978,307.338,169.592,281.308,52.773,52.060,2747.384,0.88745,0,-0.59500,-0.16000
15734356638248,196.441,307.275,170.884,281.913,51.114,50.725,2592.764,0.88449,0,-0.59500,-0.16000
15734536495128,195.893,307.416,170.103,282.140,51.580,50.552,2607.472,0.88137,0,-0.59500,-0.16000
15734792145658,195.904,307.819,169.186,282.011,53.435,51.616,2758.121,0.86918,0,-0.59500,-0.16000
15734924641880,196.201,307.834,170.317,282.373,51.768,50.923,2636.183,0.86356,0,-0.59500,-0.16000
15735025171148,196.520,307.651,170.774,282.164,51.490,50.974,2624.663,0.88532,0,-0.59500,-0.16000
15735158526262,196.305,307.826,169.816,281.903,52.977,51.847,2746.692,0.87107,0,-0.59500,-0.16000
15747035619905,209.957,500.997,183.762,475.166,52.389,51.662,2706.565,0.88813,0,-0.59500,0.04500
15747169329607,209.717,501.287,183.407,475.678,52.620,51.218,2695.056,0.89490,0,-0.59500,0.04500
15747339222200,210.188,500.897,184.596,475.690,51.183,50.414,2580.346,0.88917,0,-0.59500,0.04500
15747473259859,209.762,500.777,183.711,475.080,52.102,51.394,2677.732,0.89950,0,-0.59500,0.04500
15747570482151,209.900,500.978,184.142,475.517,51.516,50.922,2623.307,0.89126,0,-0.59500,0.04500
15747737874361,210.295,501.237,184.581,475.803,51.428,50.869,2616.134,0.90071,0,-0.59500,0.04500
15747938494407,209.744,501.074,184.189,475.723,51.110,50.702,2591.364,0.89977,0,-0.59500,0.04500
15748104941546,210.010,500.933,184.389,475.381,51.243,51.105,2618.768,0.89887,0,-0.59500,0.04500
15748338484078,210.061,501.061,183.957,475.511,52.208,51.100,2667.842,0.90002,0,-0.59500,0.04500
15748470620731,210.091,500.843,184.842,475.765,50.498,50.156,2532.772,0.89951,0,-0.59500,0.04500
15766287155300,295.442,728.712,269.149,701.599,52.586,54.227,2851.616,0.88246,0,-0.53000,0.27000
15766455765784,295.877,728.536,270.209,702.175,51.336,52.722,2706.542,0.89992,0,-0.53000,0.27000
15766554670509,295.543,728.402,269.844,702.659,51.397,51.486,2646.245,0.88482,0,-0.53000,0.27000
15766854482017,295.771,728.481,269.829,702.147,51.883,52.668,2732.587,0.88403,0,-0.53000,0.27000
15767254704328,295.553,728.633,269.588,702.248,51.929,52.770,2740.322,0.88096,0,-0.53000,0.27000
15767489494212,295.309,728.599,269.112,701.977,52.393,53.242,2789.505,0.88807,0,-0.53000,0.27000
15767622582679,295.359,728.431,269.222,701.667,52.274,53.530,2798.222,0.89411,0,-0.53000,0.27000
15767755476551,295.583,728.260,269.709,702.312,51.748,51.897,2685.550,0.89504,0,-0.53000,0.27000
15767889178068,295.647,728.445,269.914,702.313,51.466,52.265,2689.846,0.89323,0,-0.53000,0.27000
15786640274017,248.344,932.039,222.751,905.304,51.187,53.471,2737.034,0.88661,0,-0.56500,0.49000
15786775796546,248.559,931.647,223.250,905.181,50.619,52.932,2679.393,0.89111,0,-0.56500,0.49000
15787041729912,248.141,931.399,222.687,905.051,50.908,52.697,2682.720,0.89401,0,-0.56500,0.49000
15787175826142,247.955,931.253,222.263,904.446,51.384,53.613,2754.845,0.89313,0,-0.56500,0.49000
15787310406961,248.591,931.657,222.964,904.665,51.254,53.982,2766.804,0.89400,0,-0.56500,0.49000
15787441707385,247.807,931.711,221.967,904.927,51.681,53.568,2768.419,0.89464,0,-0.56500,0.49000
15787575161987,249.025,931.155,223.427,904.678,51.196,52.954,2711.038,0.89460,0,-0.56500,0.49000
15787843513468,248.362,931.415,222.541,904.862,51.643,53.107,2742.613,0.89190,0,-0.56500,0.49000
15788242232040,248.417,930.831,222.193,903.604,52.447,54.454,2855.925,0.88618,0,-0.56500,0.49000
15788509409591,248.814,931.212,222.815,904.348,51.997,53.728,2793.685,0.89199,0,-0.56500,0.49000
15788643962874,248.897,931.118,222.945,904.097,51.903,54.042,2804.941,0.89403,0,-0.56500,0.49000
15799853879427,415.730,872.056,390.462,845.643,50.537,52.827,2669.717,0.90577,0,-0.42000,0.43000
15799988443207,415.538,871.766,390.573,845.495,49.931,52.542,2623.438,0.90912,0,-0.42000,0.43000
15800088199325,415.572,872.195,390.651,846.261,49.843,51.869,2585.282,0.90778,0,-0.42000,0.43000
15800255115458,415.217,872.245,390.207,846.092,50.021,52.305,2616.346,0.90474,0,-0.42000,0.43000
15800388559550,414.858,871.834,389.863,845.907,49.991,51.854,2592.212,0.90608,0,-0.42000,0.43000
15800522489507,415.064,872.308,389.739,846.063,50.650,52.491,2658.693,0.90333,0,-0.42000,0.43000
15800622210806,414.677,872.460,389.508,846.192,50.338,52.536,2644.575,0.90319,0,-0.42000,0.43000
15800756719470,415.367,872.142,390.084,846.143,50.566,51.998,2629.333,0.90650,0,-0.42000,0.43000
15800888642907,414.713,872.460,389.246,846.475,50.933,51.969,2646.955,0.90531,0,-0.42000,0.43000
15801022752123,414.531,872.503,388.974,846.024,51.113,52.958,2706.861,0.90165,0,-0.42000,0.43000
15801155962189,414.616,872.326,388.752,845.897,51.728,52.857,2734.196,0.90474,0,-0.42000,0.43000
15801290104432,414.406,872.463,389.118,846.095,50.576,52.736,2667.202,0.89986,0,-0.42000,0.43000
15801488586931,415.120,872.281,390.163,846.301,49.914,51.960,2593.511,0.90821,0,-0.42000,0.43000
15801662009368,414.440,872.663,388.898,846.243,51.084,52.840,2699.295,0.91120,0,-0.42000,0.43000
15801790475925,414.444,872.349,389.492,846.264,49.903,52.169,2603.397,0.90189,0,-0.42000,0.43000
15801924203784,414.620,872.360,389.683,846.034,49.874,52.652,2625.971,0.89741,0,-0.42000,0.43000
15802090241293,414.597,872.315,389.609,845.895,49.976,52.841,2640.781,0.90086,0,-0.42000,0.43000
15802189244147,414.662,872.068,389.850,846.246,49.624,51.643,2562.748,0.90488,0,-0.42000,0.43000
15802323922935,414.600,872.409,389.478,846.252,50.244,52.314,2628.471,0.90852,0,-0.42000,0.43000
15809629845324,499.508,874.803,473.778,848.182,51.460,53.242,2739.865,0.90615,0,-0.36000,0.42500
15809800405485,499.504,875.217,473.817,848.909,51.374,52.615,2703.034,0.90321,0,-0.36000,0.42500
15809931006976,499.559,874.684,474.269,848.722,50.581,51.924,2626.360,0.88389,0,-0.36000,0.42500
15810164787902,499.139,874.696,473.834,848.567,50.610,52.258,2644.781,0.88233,0,-0.36000,0.42500
15810265670792,498.582,874.733,473.030,848.835,51.105,51.796,2646.992,0.88403,0,-0.36000,0.42500
15810465154007,498.786,874.487,473.188,848.649,51.195,51.676,2645.578,0.89261,0,-0.36000,0.42500
15810632699609,498.557,874.872,472.844,848.915,51.427,51.915,2669.813,0.88800,0,-0.36000,0.42500
15810766100532,498.266,874.886,472.683,848.848,51.167,52.077,2664.633,0.88324,0,-0.36000,0.42500
15810900502966,498.174,874.597,472.855,848.796,50.639,51.602,2613.075,0.89896,0,-0.36000,0.42500
15810999134691,498.062,874.484,472.552,848.352,51.019,52.265,2666.510,0.90277,0,-0.36000,0.42500
15822343438550,709.050,852.049,683.967,826.405,50.167,51.288,2572.972,0.89925,0,-0.19500,0.40500
15822510517840,709.066,852.094,684.137,826.495,49.857,51.199,2552.648,0.90182,0,-0.19500,0.40500
15822649563381,709.288,851.842,684.258,826.140,50.060,51.402,2573.188,0.90428,0,-0.19500,0.40500
15822743176449,709.247,852.053,684.079,825.926,50.336,52.253,2630.216,0.90203,0,-0.19500,0.40500
15822878391942,709.065,851.819,684.083,826.059,49.962,51.520,2574.033,0.90375,0,-0.19500,0.40500
15823013064345,709.342,852.077,684.045,826.152,50.594,51.851,2623.390,0.90340,0,-0.19500,0.40500
15823144507431,709.521,852.179,684.272,826.269,50.499,51.820,2616.856,0.89382,0,-0.19500,0.40500
15823278049154,708.951,852.084,683.546,826.048,50.810,52.072,2645.732,0.91129,0,-0.19500,0.40500
15823377073001,709.404,851.959,684.648,826.384,49.513,51.151,2532.646,0.90097,0,-0.19500,0.40500
15823512808543,709.453,852.068,684.608,826.302,49.691,51.533,2560.705,0.90268,0,-0.19500,0.40500
15823645471588,709.493,852.052,684.553,826.316,49.881,51.471,2567.415,0.90455,0,-0.19500,0.40500
15823778647590,709.326,851.762,684.234,826.060,50.184,51.405,2579.683,0.90411,0,-0.19500,0.40500
15824011422997,709.145,851.587,684.056,825.556,50.178,52.062,2612.370,0.89512,0,-0.19500,0.40500
15836990512759,709.573,851.657,685.058,826.056,49.030,51.203,2510.497,0.87250,0,-0.19500,0.40500
15837125875914,709.097,851.840,684.405,826.066,49.383,51.548,2545.586,0.83213,0,-0.19500,0.40500
15837291449850,708.814,851.614,684.011,826.100,49.606,51.028,2531.278,0.91199,0,-0.19500,0.40500
15845499373690,770.626,849.120,745.385,823.784,50.483,50.672,2558.030,0.88847,0,-0.15500,0.40000
15845699433891,770.919,849.164,746.110,824.033,49.618,50.261,2493.870,0.88723,0,-0.15500,0.40000
15846033572422,770.919,849.151,745.958,824.049,49.923,50.203,2506.280,0.88064,0,-0.15500,0.40000
15846201371924,770.389,849.258,745.370,824.123,50.038,50.271,2515.464,0.88677,0,-0.15500,0.40000
15846333703348,769.704,849.446,744.332,824.333,50.743,50.226,2548.621,0.88635,0,-0.15500,0.40000
15846400406345,769.010,849.245,743.533,823.729,50.954,51.030,2600.183,0.87739,0,-0.15500,0.40000
15846700203905,771.155,848.568,748.620,824.531,45.070,48.076,2166.760,0.86035,2,-0.15500,0.40000
15846800593515,767.959,848.956,743.002,824.531,49.913,48.851,2438.296,0.85403,2,-0.15500,0.40000
15870558487994,960.946,894.684,935.344,868.995,51.205,51.377,2630.773,0.88645,0,-0.00000,0.44500
15870724318437,961.348,894.839,936.056,869.345,50.583,50.987,2579.073,0.89097,0,-0.00000,0.44500
15870891856774,961.678,894.715,936.348,868.985,50.660,51.459,2606.926,0.89506,0,-0.00000,0.44500
15871024971399,961.267,894.836,935.792,869.165,50.949,51.342,2615.784,0.89038,0,-0.00000,0.44500
15871125651498,961.741,894.824,936.664,869.102,50.153,51.444,2580.085,0.89475,0,-0.00000,0.44500
15871259082124,961.578,894.846,936.220,869.161,50.717,51.368,2605.260,0.89143,0,-0.00000,0.44500
15871392523562,961.788,894.936,936.292,869.237,50.993,51.397,2620.919,0.89201,0,-0.00000,0.44500
15871525564612,961.718,894.793,936.506,869.279,50.424,51.028,2573.034,0.89148,0,-0.00000,0.44500
15901422106590,961.625,894.386,936.179,868.973,50.893,50.825,2586.604,0.88618,0,-0.00000,0.44500
15901589264668,961.769,894.397,936.373,868.738,50.792,51.318,2606.531,0.88999,0,-0.00000,0.44500
15931352179956,1303.042,862.452,1278.943,837.374,48.196,50.156,2417.336,0.90522,0,0.26000,0.41000
15932720086393,1303.239,862.510,1279.209,837.546,48.059,49.928,2399.472,0.90812,0,0.27000,0.41000
15932953819186,1302.765,862.164,1278.179,836.996,49.173,50.336,2475.179,0.89948,0,0.27000,0.41000
15933153466172,1303.090,862.315,1278.792,836.940,48.597,50.750,2466.289,0.90381,0,0.27000,0.41000
15933321727572,1302.945,862.091,1278.855,836.874,48.179,50.435,2429.896,0.90333,0,0.27000,0.41000
15933521121563,1302.674,862.138,1278.438,837.132,48.471,50.012,2424.154,0.90305,0,0.27000,0.41000
15934421747829,1302.582,862.388,1278.256,837.373,48.653,50.030,2434.087,0.90500,0,0.27000,0.42000
15934589605810,1302.760,862.011,1278.320,836.766,48.879,50.491,2467.947,0.90204,0,0.27000,0.42000
15936156708342,1302.880,861.357,1278.648,836.460,48.465,49.793,2413.203,0.86272,2,0.27000,0.43000
15936357235902,1303.220,861.302,1279.033,836.427,48.375,49.749,2406.603,0.85749,2,0.27000,0.43000
15936523440431,1302.841,861.444,1278.689,836.850,48.304,49.189,2376.045,0.86019,2,0.27000,0.42000
15936824245551,1302.819,862.012,1278.758,837.008,48.123,50.009,2406.581,0.89589,0,0.27000,0.41000
15937124281375,1302.567,862.099,1277.978,836.695,49.178,50.807,2498.598,0.89663,0,0.27000,0.41000
15937291645072,1302.824,862.443,1278.424,837.391,48.800,50.103,2445.036,0.90529,0,0.27000,0.41000
15938292529421,1303.339,861.919,1279.154,837.003,48.371,49.831,2410.355,0.81179,2,0.27000,0.41000
15945465494545,1303.127,861.880,1278.695,836.698,48.865,50.364,2460.989,0.85195,2,0.25000,0.41000
15945635380355,1302.750,862.028,1278.486,836.866,48.527,50.323,2442.056,0.85901,2,0.25000,0.41000
15950237511778,1302.475,862.718,1277.718,837.402,49.513,50.633,2506.958,0.90149,0,0.26000,0.42000
15950407995341,1302.429,862.339,1278.056,837.460,48.746,49.758,2425.523,0.90246,0,0.26000,0.42000
15950537778667,1302.521,862.481,1278.138,837.497,48.766,49.968,2436.742,0.89566,0,0.26000,0.42000
15950637985558,1302.497,862.773,1278.098,837.695,48.799,50.156,2447.539,0.90102,0,0.26000,0.42000
15950804313605,1302.704,862.472,1278.108,837.482,49.192,49.979,2458.556,0.89584,0,0.26000,0.42000
15950938829633,1302.620,862.790,1277.764,837.359,49.712,50.863,2528.462,0.89817,0,0.26000,0.42000
15951205259995,1302.462,862.363,1277.908,836.963,49.108,50.800,2494.669,0.90525,0,0.26000,0.42000
15951305565693,1302.505,862.559,1277.990,837.363,49.031,50.393,2470.813,0.89661,0,0.26000,0.42000
15951472521814,1302.462,862.361,1278.044,837.064,48.837,50.594,2470.885,0.89225,0,0.26000,0.42000
15961949034582,1352.618,846.860,1328.151,821.217,48.935,51.287,2509.716,0.90090,0,0.31000,0.40000
15962049447692,1352.669,846.983,1328.172,821.304,48.994,51.359,2516.279,0.90484,0,0.31000,0.40000
15962215798470,1352.968,846.980,1327.967,821.027,50.001,51.906,2595.388,0.90768,0,0.31000,0.40000
15962350555774,1352.937,847.190,1328.294,821.358,49.285,51.665,2546.341,0.90464,0,0.31000,0.40000
15962449627935,1353.219,847.069,1328.945,821.541,48.547,51.058,2478.716,0.90535,0,0.31000,0.40000
15962585265070,1353.239,847.296,1328.649,821.778,49.179,51.035,2509.868,0.90919,0,0.31000,0.40000
15962717600705,1353.187,847.402,1328.377,821.754,49.621,51.297,2545.397,0.90780,0,0.31000,0.40000
15962852098528,1353.241,847.699,1328.504,822.163,49.474,51.072,2526.731,0.90842,0,0.31000,0.40000
15962984786796,1352.985,847.441,1328.416,821.772,49.139,51.337,2522.646,0.90710,0,0.31000,0.40000
15963084270200,1353.451,847.137,1328.539,821.186,49.825,51.901,2585.961,0.91054,0,0.31000,0.40000
15963249610019,1353.086,847.201,1328.145,821.115,49.882,52.173,2602.502,0.91048,0,0.31000,0.40000
15963351349771,1353.272,847.151,1328.545,821.490,49.454,51.321,2538.020,0.90723,0,0.31000,0.40000
15963485215442,1353.255,847.203,1328.700,821.786,49.111,50.835,2496.539,0.91178,0,0.31000,0.40000
15963584086879,1353.323,846.991,1328.774,821.674,49.098,50.635,2486.097,0.90991,0,0.31000,0.40000
15969523399760,1380.561,850.461,1355.516,824.988,50.089,50.947,2551.888,0.91577,0,0.32000,0.40000
15969659506745,1380.977,850.481,1356.303,825.204,49.349,50.555,2494.826,0.91737,0,0.32000,0.40000
15969757102940,1380.535,850.472,1355.607,824.940,49.855,51.064,2545.805,0.92144,0,0.32000,0.40000
15969889982287,1380.592,850.626,1355.755,825.029,49.674,51.195,2543.049,0.92389,0,0.32000,0.40000
15970061033989,1380.506,850.590,1355.808,825.291,49.395,50.599,2499.335,0.92167,0,0.32000,0.40000
15970157437863,1380.541,850.504,1355.434,824.746,50.214,51.516,2586.798,0.91944,0,0.32000,0.40000
15970291585949,1380.352,850.621,1355.401,825.270,49.903,50.703,2530.248,0.92392,0,0.32000,0.40000
15970457502195,1380.465,850.283,1355.672,825.052,49.585,50.462,2502.152,0.91977,0,0.32000,0.40000
15979933350673,1621.210,890.955,1595.830,865.271,50.760,51.367,2607.427,0.89755,0,0.50000,0.44000
15980068892203,1621.420,890.614,1595.650,864.517,51.541,52.193,2690.064,0.89246,0,0.50000,0.44000
15980333462003,1620.577,890.809,1594.804,864.518,51.546,52.582,2710.388,0.90135,0,0.50000,0.44000
15980468380001,1620.519,890.509,1595.021,864.118,50.995,52.781,2691.596,0.89915,0,0.50000,0.44000
15980703506057,1620.713,890.159,1595.756,864.242,49.914,51.835,2587.303,0.85895,2,0.50000,0.44000
15980835263190,1620.708,890.676,1595.365,864.491,50.685,52.371,2654.450,0.85360,2,0.50000,0.44000
15980969432058,1620.844,890.401,1595.587,864.765,50.515,51.272,2590.014,0.85788,2,0.50000,0.44000
16014567750574,1567.394,485.792,1542.630,460.486,49.528,50.612,2506.685,0.91343,0,0.46000,0.02000
16014735598744,1567.771,485.652,1542.677,460.458,50.187,50.388,2528.817,0.90604,0,0.46000,0.02000
16014935288917,1567.253,485.236,1542.299,460.075,49.908,50.321,2511.430,0.90508,0,0.46000,0.02000
16015070006344,1567.103,485.187,1542.244,459.992,49.718,50.391,2505.316,0.90647,0,0.46000,0.02000
16015168348383,1567.741,485.272,1543.029,460.049,49.424,50.446,2493.264,0.90998,0,0.46000,0.02000
16015336156022,1568.183,485.230,1543.041,459.849,50.285,50.763,2552.610,0.90795,0,0.46000,0.02000
16015570043602,1568.092,484.954,1543.159,459.976,49.865,49.958,2491.139,0.91061,0,0.46000,0.02000
16024344593883,1567.881,485.375,1543.161,460.122,49.440,50.506,2497.013,0.90950,0,0.46000,0.02000
16024512332145,1567.614,485.782,1542.753,460.408,49.721,50.747,2523.208,0.91092,0,0.46000,0.02000
16024845251237,1567.305,485.455,1542.149,459.768,50.313,51.374,2584.810,0.90463,0,0.47000,0.01000
16025111639900,1567.488,485.000,1542.564,459.850,49.848,50.301,2507.381,0.85911,2,0.46000,0.02000
16025580213832,1567.332,485.389,1541.938,460.343,50.787,50.093,2544.081,0.90232,0,0.45000,0.02000
16025946278689,1567.744,484.243,1542.544,459.102,50.400,50.281,2534.195,0.85012,2,0.46000,0.03000
16026113956860,1568.044,484.634,1543.023,459.225,50.043,50.817,2543.005,0.86397,2,0.46000,0.03000
16026513934984,1567.365,485.725,1542.433,460.614,49.864,50.223,2504.292,0.90926,0,0.47000,0.02000
16026981031784,1567.576,484.874,1542.159,459.334,50.834,51.081,2596.663,0.91045,0,0.46000,0.02000
16027381075355,1567.372,485.764,1542.273,460.345,50.200,50.837,2552.023,0.90814,0,0.46000,0.02000
16027549411983,1567.441,485.314,1542.508,460.358,49.865,49.912,2488.881,0.90557,0,0.45000,0.02000
16037691929613,1577.894,414.630,1552.180,388.866,51.427,51.528,2649.927,0.88528,0,0.48000,-0.06000
16037859111394,1578.510,414.722,1553.031,389.147,50.958,51.150,2606.530,0.87787,0,0.48000,-0.06000
16037958908066,1578.132,414.577,1552.484,388.685,51.297,51.785,2656.406,0.88109,0,0.48000,-0.06000
16038127056943,1578.231,414.414,1552.676,388.786,51.109,51.255,2619.589,0.87555,0,0.48000,-0.06000
16038825437795,1578.348,414.796,1552.382,388.818,51.933,51.956,2698.246,0.84038,2,0.48000,-0.06000
16039092979478,1578.731,415.118,1552.452,389.034,52.558,52.168,2741.846,0.87561,0,0.48000,-0.06000
16039260911231,1578.954,414.839,1553.080,389.093,51.748,51.491,2664.577,0.87912,0,0.48000,-0.06000
16041895571962,1578.813,415.002,1552.598,389.048,52.432,51.907,2721.587,0.87786,0,0.48000,-0.06000
16042029357282,1578.742,415.071,1552.999,389.482,51.485,51.178,2634.899,0.88127,0,0.48000,-0.06000
16042130107604,1578.667,415.115,1552.520,389.159,52.292,51.912,2714.604,0.87785,0,0.48000,-0.06000
16042263538620,1578.723,415.443,1553.038,389.864,51.371,51.159,2628.081,0.87456,0,0.48000,-0.06000
16042430536047,1578.439,415.004,1552.349,389.087,52.180,51.834,2704.721,0.87810,0,0.48000,-0.06000
16042629594484,1578.415,414.910,1552.861,389.006,51.109,51.807,2647.803,0.88401,0,0.48000,-0.06000
16042798036706,1578.835,415.547,1553.120,390.129,51.430,50.837,2614.509,0.88153,0,0.48000,-0.06000
16043530372360,1578.718,414.994,1552.993,389.261,51.451,51.466,2647.991,0.87780,0,0.48000,-0.05000
16044131402071,1578.751,414.926,1552.663,389.150,52.175,51.552,2689.701,0.87533,0,0.49000,-0.06000
16044332119116,1579.321,415.174,1553.050,389.383,52.540,51.583,2710.178,0.88040,0,0.49000,-0.06000
16044631100635,1578.802,415.302,1552.565,389.432,52.475,51.740,2715.069,0.87782,0,0.49000,-0.06000
16046200196228,1578.588,415.609,1552.667,389.876,51.841,51.465,2667.997,0.87971,0,0.49000,-0.06000
16046469468624,1578.484,415.654,1552.569,389.898,51.829,51.512,2669.830,0.83860,2,0.49000,-0.06000
16046700355942,1578.377,415.795,1552.717,390.191,51.320,51.207,2627.969,0.83575,2,0.49000,-0.06000
16057444456510,1578.559,415.367,1552.619,389.634,51.880,51.466,2670.072,0.88174,0,0.47000,-0.04500
16057879028734,1578.475,415.566,1552.284,389.815,52.383,51.503,2697.852,0.88407,0,0.46750,-0.04750
16058112170287,1578.352,415.712,1552.588,390.225,51.527,50.974,2626.550,0.88109,0,0.46750,-0.04750
16061181805149,1578.671,415.655,1552.682,390.078,51.978,51.153,2658.782,0.88133,0,0.46750,-0.04750
16061381913253,1578.744,415.463,1552.820,390.070,51.848,50.785,2633.104,0.87872,0,0.46750,-0.04750
16061551756719,1578.393,415.749,1552.352,389.921,52.083,51.657,2690.421,0.87922,0,0.46850,-0.04750
16062049171222,1578.635,415.652,1552.764,389.943,51.742,51.417,2660.453,0.87808,0,0.46850,-0.04850
16062450148948,1578.388,415.763,1552.554,390.012,51.668,51.502,2661.025,0.87330,0,0.46850,-0.04750
16062783892949,1578.564,415.893,1552.454,390.495,52.220,50.797,2652.627,0.87708,0,0.46850,-0.04850
16062984675966,1578.684,416.252,1552.767,391.026,51.835,50.451,2615.133,0.87484,0,0.46850,-0.04850
16063717562355,1578.291,416.175,1552.798,390.773,50.985,50.804,2590.209,0.86654,0,0.46950,-0.04650
16064818050547,1578.363,415.623,1552.219,389.837,52.288,51.572,2696.599,0.88160,0,0.47050,-0.04650
16065052949092,1578.778,415.549,1552.633,389.861,52.290,51.377,2686.511,0.87374,0,0.47050,-0.04550
16066020187664,1578.902,415.830,1553.136,390.228,51.533,51.204,2638.715,0.87858,0,0.47250,-0.04750
16066453511864,1578.572,415.931,1552.356,390.242,52.431,51.378,2693.812,0.87455,0,0.47250,-0.04650
16066753992096,1578.581,416.183,1552.815,390.645,51.533,51.075,2632.031,0.87689,0,0.47250,-0.04750
16066922758537,1578.300,415.736,1552.563,390.066,51.474,51.340,2642.650,0.88594,0,0.47150,-0.04650
16067721473257,1578.587,415.522,1552.095,389.461,52.984,52.121,2761.549,0.87821,0,0.47350,-0.04550
16126380911045,1590.670,245.226,1565.579,220.318,50.181,49.817,2499.858,0.90220,0,0.49150,-0.22681
16126681428587,1590.986,245.261,1566.157,220.343,49.656,49.837,2474.723,0.89610,0,0.48950,-0.22681
16126918211314,1590.989,245.846,1565.918,220.927,50.142,49.838,2498.953,0.90098,0,0.49150,-0.22681
16128415841610,1590.770,245.581,1565.630,220.563,50.279,50.035,2515.729,0.90084,0,0.48950,-0.22881
16128748532696,1591.211,246.071,1566.012,221.118,50.396,49.906,2515.100,0.90079,0,0.48950,-0.23081
16128951070093,1590.777,245.671,1565.693,220.836,50.169,49.670,2491.885,0.89757,0,0.48950,-0.22881
16129450247875,1590.937,245.806,1565.957,220.790,49.959,50.032,2499.526,0.90144,0,0.49150,-0.22881
16129617985852,1590.995,245.778,1565.778,220.875,50.433,49.806,2511.860,0.90160,0,0.49150,-0.22681
16130049735836,1591.196,246.161,1566.059,221.407,50.273,49.509,2488.963,0.90035,0,0.48750,-0.22481
16130351242157,1591.003,245.888,1565.809,221.184,50.388,49.409,2489.591,0.90385,0,0.48550,-0.22681
16130521644989,1590.691,245.586,1565.861,220.635,49.660,49.901,2478.085,0.90212,0,0.48750,-0.22481
16130817951824,1591.329,246.256,1566.241,221.177,50.177,50.157,2516.764,0.90265,0,0.48950,-0.22281
16131484932857,1590.969,245.787,1565.896,220.742,50.145,50.090,2511.746,0.89880,0,0.48950,-0.22281
16132253708671,1591.043,245.833,1565.719,220.788,50.648,50.089,2536.914,0.90054,0,0.49150,-0.22481
16133555138647,1590.887,245.794,1565.844,220.993,50.087,49.603,2484.439,0.90237,0,0.49550,-0.21881
16133821064591,1590.923,245.144,1565.544,219.992,50.756,50.306,2553.337,0.86466,2,0.49550,-0.21681
16133988649325,1590.623,245.597,1565.097,220.469,51.053,50.257,2565.736,0.86344,2,0.49350,-0.21681
16134156163930,1590.509,246.136,1565.063,220.753,50.892,50.766,2583.581,0.86810,2,0.49350,-0.21681
16175194992409,1098.232,369.519,1072.772,344.041,50.919,50.955,2594.577,0.87287,0,0.10150,-0.09181
16175462651330,1098.408,369.278,1072.906,343.898,51.005,50.761,2589.091,0.87102,0,0.10250,-0.09081
16175895522289,1098.784,369.398,1073.688,344.338,50.192,50.121,2515.639,0.87289,0,0.10350,-0.08981
16176464036467,1098.367,369.317,1073.191,344.246,50.351,50.142,2524.698,0.87438,0,0.10350,-0.08981
16177197548477,1098.492,368.898,1072.839,343.374,51.307,51.049,2619.178,0.87559,0,0.10450,-0.09181
16177497652611,1098.253,368.821,1072.601,343.459,51.304,50.723,2602.306,0.87428,0,0.10550,-0.08981
16177699139441,1098.280,369.045,1072.940,343.667,50.680,50.756,2572.288,0.87570,0,0.10550,-0.08981
16177932013366,1097.970,368.621,1072.690,343.099,50.561,51.044,2580.831,0.84065,0,0.10650,-0.08881
16178165160780,1098.187,369.007,1073.013,343.700,50.348,50.613,2548.290,0.87339,0,0.10750,-0.08881
16178566996846,1098.501,369.049,1073.288,343.961,50.426,50.175,2530.138,0.87274,0,0.10650,-0.08781
16178901268362,1098.455,368.880,1072.984,343.385,50.942,50.990,2597.524,0.87497,0,0.10550,-0.08781
16179232840679,1098.055,368.893,1072.806,343.712,50.498,50.361,2543.123,0.85991,0,0.10650,-0.08781
16179733645248,1098.406,369.227,1073.148,343.546,50.515,51.362,2594.546,0.83756,2,0.10550,-0.08681
16180733219620,1098.130,368.942,1072.737,343.776,50.788,50.332,2556.224,0.86998,0,0.10550,-0.08981
16180936616692,1098.180,368.985,1072.889,343.865,50.582,50.239,2541.191,0.86478,0,0.10550,-0.08981
16181301513325,1098.397,369.246,1073.007,343.851,50.781,50.790,2579.163,0.87345,0,0.10550,-0.09181
16181536211928,1098.454,369.414,1073.013,344.159,50.883,50.511,2570.155,0.86962,0,0.10450,-0.09181
16181735937692,1098.223,369.159,1072.510,343.449,51.427,51.421,2644.452,0.87456,0,0.10450,-0.09281
16182101763993,1098.203,369.377,1072.827,344.149,50.751,50.456,2560.713,0.87243,0,0.10550,-0.09381
16182602973465,1098.407,369.069,1073.112,343.647,50.590,50.843,2572.122,0.87688,0,0.10650,-0.09381
16197686429953,1133.460,387.470,1108.495,362.045,49.930,50.851,2539.003,0.84123,2,0.13050,-0.06581
16206658980517,1133.036,385.877,1108.202,360.674,49.669,50.406,2503.619,0.85432,2,0.13850,-0.06981
16207963718364,1132.490,386.109,1107.201,361.002,50.578,50.214,2539.722,0.90163,0,0.14250,-0.07381
16208161461583,1131.903,386.112,1106.930,361.226,49.947,49.773,2486.001,0.88787,0,0.14250,-0.07381
16208296657171,1132.568,386.111,1107.550,361.084,50.036,50.055,2504.563,0.86450,0,0.14250,-0.07381
16208497094893,1132.044,385.660,1107.188,360.745,49.712,49.830,2477.165,0.88079,0,0.14250,-0.07381
16212433862691,1133.171,385.842,1108.275,361.003,49.792,49.679,2473.626,0.89260,0,0.14150,-0.07181
16212600387305,1132.762,385.751,1108.020,360.677,49.484,50.148,2481.531,0.88168,0,0.14150,-0.07281
16212900014118,1133.551,385.873,1108.803,360.992,49.495,49.763,2463.033,0.89322,0,0.14250,-0.07481
16213068808477,1133.015,385.757,1108.025,360.634,49.980,50.246,2511.273,0.89885,0,0.14350,-0.07481
16213199819460,1133.458,385.984,1108.514,361.167,49.890,49.633,2476.173,0.87297,0,0.14350,-0.07581
16213466686161,1134.245,386.271,1108.748,361.266,50.994,50.011,2550.255,0.83522,2,0.14550,-0.07681
16213633495228,1133.867,386.084,1108.679,361.266,50.375,49.636,2500.429,0.81555,2,0.14450,-0.07581
16219806426857,1134.548,385.656,1109.263,360.705,50.571,49.901,2523.560,0.83477,2,0.14650,-0.07281
16256342466859,1133.578,385.390,1108.581,360.204,49.994,50.372,2518.318,0.88963,0,0.12450,-0.08381
16256511364025,1133.606,385.163,1108.870,359.982,49.471,50.362,2491.430,0.88967,0,0.12450,-0.08381
16256743012893,1133.175,385.417,1108.649,360.300,49.052,50.234,2464.084,0.89140,0,0.12350,-0.08481
16257210793718,1132.840,385.408,1108.054,360.584,49.572,49.648,2461.148,0.89492,0,0.12250,-0.08681
16257381233716,1133.513,385.578,1108.843,360.300,49.339,50.556,2494.398,0.83723,2,0.12250,-0.08781
16257610918904,1133.997,385.695,1109.245,360.606,49.504,50.178,2483.985,0.85976,2,0.12150,-0.08781
16290844610313,1104.209,671.474,1079.413,646.746,49.594,49.457,2452.757,0.90414,0,0.09050,0.21919
16291015163324,1104.007,670.871,1079.670,646.326,48.675,49.090,2389.448,0.85379,2,0.09050,0.21919
16291145835798,1103.783,670.810,1079.099,645.979,49.368,49.660,2451.606,0.85619,2,0.09050,0.21919
16296583846132,1104.370,671.862,1078.968,646.731,50.804,50.262,2553.525,0.90431,0,0.09750,0.21619
16296784263220,1104.359,671.383,1079.368,646.333,49.983,50.099,2504.066,0.90792,0,0.09750,0.21619
16296951052278,1104.271,671.302,1079.279,646.222,49.983,50.159,2507.093,0.90892,0,0.09750,0.21619
16297151617826,1104.075,671.167,1078.693,646.086,50.765,50.161,2546.394,0.90674,0,0.09750,0.21619
16297684512917,1104.459,671.341,1079.462,646.430,49.996,49.823,2490.952,0.90769,0,0.09750,0.21619
16298052356383,1103.785,671.055,1078.557,645.917,50.455,50.276,2536.679,0.90082,0,0.09850,0.21519
16298284589727,1103.817,671.228,1078.523,645.982,50.588,50.492,2554.287,0.90779,0,0.09850,0.21419
16298418683846,1103.724,671.250,1078.388,646.017,50.672,50.466,2557.192,0.90805,0,0.09850,0.21319
16304490714528,1104.551,671.212,1079.278,646.094,50.545,50.236,2539.176,0.89927,0,0.10450,0.21319
16304692107492,1104.197,671.289,1078.906,646.201,50.582,50.177,2538.098,0.90438,0,0.10450,0.21319
16304958681933,1104.981,671.304,1079.881,646.236,50.199,50.136,2516.760,0.90592,0,0.10450,0.21419
16305459334690,1104.186,671.489,1079.368,646.528,49.636,49.921,2477.879,0.90235,0,0.10450,0.21619
16305827530945,1104.241,671.437,1079.138,646.416,50.206,50.041,2512.344,0.89951,0,0.10450,0.21719
16306260062329,1104.486,671.501,1079.564,646.614,49.844,49.776,2481.016,0.90712,0,0.10450,0.21919
16306428189535,1104.164,671.312,1079.140,646.387,50.048,49.848,2494.823,0.90439,0,0.10450,0.21919
16306726848381,1104.185,671.139,1079.285,645.944,49.799,50.390,2509.397,0.90346,0,0.10450,0.21919
16307160517007,1103.669,671.357,1078.635,646.406,50.068,49.902,2498.513,0.89334,0,0.10350,0.22019
16307493709704,1103.729,671.515,1079.030,646.397,49.398,50.235,2481.533,0.90116,0,0.10350,0.22119
16307794799263,1103.554,671.539,1078.734,646.493,49.640,50.092,2486.576,0.90252,0,0.10250,0.22219
16308161306440,1103.846,671.500,1078.710,646.363,50.272,50.273,2527.336,0.89831,0,0.10250,0.22319
16308331640104,1104.095,671.430,1079.116,646.593,49.958,49.675,2481.667,0.90112,0,0.10250,0.22319
16308528775340,1104.420,671.421,1079.573,646.454,49.693,49.934,2481.338,0.89950,0,0.10250,0.22319
16309162166534,1104.286,671.195,1079.247,646.126,50.078,50.139,2510.863,0.90354,0,0.10350,0.22319
16310296745232,1104.654,671.602,1079.673,646.444,49.962,50.317,2513.931,0.89850,0,0.10550,0.22319
16310697223354,1104.333,671.244,1079.139,646.252,50.389,49.984,2518.613,0.90998,0,0.10350,0.22319
16310868361760,1103.910,671.550,1078.936,646.438,49.948,50.224,2508.554,0.90177,0,0.10350,0.22319
16311066027918,1103.988,671.429,1078.920,646.370,50.136,50.117,2512.656,0.89573,0,0.10250,0.22319
16311398241246,1104.253,671.431,1078.959,646.323,50.589,50.217,2540.405,0.89901,0,0.10250,0.22219
16311600166708,1104.010,671.341,1078.611,646.138,50.798,50.406,2560.535,0.90131,0,0.10250,0.22119
16311832187495,1103.921,671.598,1078.971,646.500,49.899,50.197,2504.787,0.90628,0,0.10150,0.22219
16312065979403,1103.565,671.435,1078.814,646.424,49.502,50.023,2476.233,0.90869,0,0.10250,0.22319
16312267259214,1103.706,671.369,1078.575,646.419,50.262,49.899,2508.061,0.90704,0,0.10250,0.22419
16312436316062,1104.324,671.339,1079.203,646.288,50.243,50.103,2517.353,0.90420,0,0.10250,0.22419
16313435091106,1104.924,671.140,1080.019,646.283,49.812,49.714,2476.305,0.90715,0,0.10450,0.22619
16313701097100,1105.109,671.356,1080.115,646.364,49.988,49.985,2498.621,0.90067,0,0.10350,0.22719
16313870498797,1104.644,671.346,1079.896,646.632,49.495,49.429,2446.504,0.90110,0,0.10350,0.22619
16314101452663,1104.879,671.278,1080.037,646.467,49.684,49.622,2465.424,0.90422,0,0.10250,0.22719
16314301305762,1105.198,671.234,1079.896,646.126,50.605,50.216,2541.177,0.90166,0,0.10150,0.22819
16314768510182,1104.210,671.554,1078.869,646.583,50.681,49.942,2531.104,0.90279,0,0.10050,0.22919
16314970488497,1104.408,671.439,1079.022,646.196,50.772,50.488,2563.359,0.90167,0,0.10150,0.22919
16329382803165,1015.578,711.075,989.254,684.869,52.647,52.412,2759.345,0.89516,0,0.03750,0.25319
16329583166991,1016.208,710.996,990.888,685.335,50.641,51.321,2598.970,0.89429,0,0.03750,0.25319
16330150373894,1015.907,710.885,990.072,684.910,51.670,51.949,2684.221,0.89611,0,0.03650,0.25419
16330351092732,1015.771,710.942,990.360,685.310,50.824,51.264,2605.445,0.89610,0,0.03650,0.25419
16330518828672,1016.055,710.785,990.414,685.020,51.283,51.530,2642.609,0.89510,0,0.03650,0.25419
16330750882643,1016.320,710.851,990.974,685.138,50.693,51.425,2606.927,0.89728,0,0.03650,0.25519
16331285983013,1016.187,710.962,990.239,685.080,51.895,51.764,2686.337,0.89811,0,0.03550,0.25519
16331617989602,1016.193,710.801,990.196,685.003,51.993,51.596,2682.656,0.89559,0,0.03550,0.25519
16331785789416,1016.119,710.867,990.354,684.957,51.531,51.819,2670.318,0.89838,0,0.03550,0.25519
16332084930521,1016.445,710.916,990.871,685.255,51.147,51.322,2624.979,0.89452,0,0.03550,0.25519
16332218730565,1016.374,710.986,990.532,685.194,51.684,51.584,2666.068,0.89910,0,0.03550,0.25519
16332386928174,1016.450,710.720,990.551,684.763,51.797,51.915,2689.027,0.89978,0,0.03550,0.25519
16332619862446,1015.888,711.095,990.353,685.443,51.072,51.305,2620.234,0.89154,0,0.03550,0.25519
16333553766270,1015.841,711.046,990.221,685.185,51.240,51.722,2650.221,0.89621,0,0.03450,0.25619
16333789577224,1016.612,710.946,990.750,685.260,51.723,51.371,2657.090,0.89287,0,0.03450,0.25619
16333921749152,1015.973,710.824,990.115,684.937,51.716,51.775,2677.572,0.89539,0,0.03450,0.25719
16334088957397,1016.175,710.906,990.491,685.091,51.367,51.630,2652.094,0.90297,0,0.03450,0.25719
16334755464451,1016.332,710.666,990.268,684.645,52.128,52.040,2712.743,0.89389,0,0.03550,0.25819
16334956142089,1016.391,710.753,990.518,684.770,51.746,51.968,2689.126,0.89532,0,0.03550,0.25819
16335123454060,1016.161,710.506,990.421,685.009,51.478,50.994,2625.078,0.88583,0,0.03550,0.25819
16335422704347,1016.533,710.638,990.696,684.869,51.673,51.538,2663.101,0.89731,0,0.03550,0.25819
16335591021066,1016.070,710.823,990.293,685.043,51.553,51.560,2658.075,0.89651,0,0.03550,0.25819
16335790431343,1016.247,710.612,990.752,684.838,50.990,51.549,2628.449,0.89663,0,0.03550,0.25819
16336623154749,1016.375,710.896,990.456,684.972,51.838,51.847,2687.673,0.89335,0,0.03750,0.25819
16336791422009,1016.262,710.794,990.111,685.003,52.302,51.582,2697.847,0.89527,0,0.03750,0.25819
16336956669863,1016.358,710.771,990.380,684.999,51.957,51.543,2678.020,0.89057,0,0.03750,0.25819
16337157352446,1016.585,710.359,990.649,684.291,51.873,52.136,2704.487,0.89667,0,0.03750,0.25819
16337391245424,1016.508,710.367,990.426,684.546,52.164,51.642,2693.849,0.89014,0,0.03750,0.25819
16337558939538,1016.809,710.530,991.109,685.091,51.400,50.878,2615.093,0.89568,0,0.03750,0.25819
16337858995527,1016.461,711.011,990.607,685.347,51.710,51.328,2654.147,0.89320,0,0.03750,0.25819
16338091116092,1016.638,710.590,990.603,684.627,52.070,51.926,2703.811,0.89704,0,0.03750,0.25819
16339693403684,1016.507,710.610,990.912,684.830,51.189,51.559,2639.265,0.89271,0,0.04050,0.25619
16339861987997,1016.509,710.677,990.821,684.917,51.375,51.521,2646.901,0.89414,0,0.04050,0.25619
16340026096264,1016.020,710.517,990.008,684.812,52.024,51.410,2674.545,0.89352,0,0.04050,0.25619
16340293835987,1016.582,710.646,990.804,684.836,51.556,51.620,2661.319,0.88775,0,0.03950,0.25619
16340561281035,1016.510,710.579,990.734,684.935,51.551,51.288,2643.947,0.88806,0,0.03950,0.25519
16340728932479,1016.510,710.534,990.554,684.978,51.911,51.113,2653.317,0.88996,0,0.03850,0.25519
16340932163908,1016.815,710.755,990.913,684.939,51.803,51.632,2674.740,0.89316,0,0.03850,0.25619
16341129628539,1016.827,710.483,991.132,684.899,51.391,51.168,2629.544,0.89002,0,0.03950,0.25719
16341528522792,1016.413,710.304,990.332,684.584,52.161,51.439,2683.115,0.89324,0,0.03950,0.25619
16341928471613,1017.057,710.504,991.403,684.851,51.308,51.305,2632.371,0.88927,0,0.03950,0.25619
16342130707331,1016.738,710.798,990.696,684.843,52.085,51.911,2703.789,0.89059,0,0.03950,0.25719
16342330166637,1016.650,710.521,990.796,684.812,51.708,51.418,2658.721,0.89816,0,0.03850,0.25619
16342696182105,1016.458,710.274,990.339,684.397,52.239,51.752,2703.497,0.88872,0,0.03750,0.25819
16351505561197,960.337,669.811,935.350,644.945,49.973,49.730,2485.167,0.90178,0,-0.01950,0.22619
16351706868333,960.300,669.283,935.470,644.546,49.661,49.475,2456.947,0.86301,2,-0.01950,0.22619
16351905832064,960.198,669.651,935.364,644.885,49.669,49.530,2460.104,0.86711,2,-0.01950,0.22619
16354107096075,960.030,670.445,935.105,645.576,49.850,49.738,2479.458,0.90400,0,-0.01450,0.21919
16354276265695,960.622,670.506,935.198,645.700,50.848,49.610,2522.604,0.89748,0,-0.01450,0.21819
16354409479759,960.321,670.727,934.980,645.865,50.681,49.724,2520.055,0.89794,0,-0.01450,0.21819
16354576216519,960.002,670.951,934.871,646.087,50.261,49.729,2499.459,0.90565,0,-0.01450,0.21819
16354777481287,960.012,670.784,934.703,645.752,50.618,50.064,2534.174,0.90597,0,-0.01450,0.21819
16354975586767,960.329,670.421,935.104,645.505,50.451,49.832,2514.069,0.89941,0,-0.01450,0.21719
16355808620593,960.203,670.336,934.820,645.381,50.767,49.911,2533.827,0.90083,0,-0.01350,0.21519
16355978207981,960.016,671.013,934.885,646.095,50.263,49.835,2504.855,0.90634,0,-0.01350,0.21419
16356210403745,959.597,670.835,934.293,645.889,50.608,49.893,2524.980,0.91038,0,-0.01250,0.21419
16356544484465,959.869,670.677,934.512,645.850,50.713,49.655,2518.159,0.90554,0,-0.01250,0.21319
16356910497086,959.815,670.473,934.335,645.638,50.961,49.669,2531.170,0.90476,0,-0.01250,0.21519
16368688461304,883.123,665.935,856.920,640.131,52.406,51.608,2704.565,0.89237,0,-0.07350,0.21919
16368889360399,883.708,665.890,858.259,640.577,50.899,50.626,2576.851,0.89015,0,-0.07350,0.21919
16369157613190,883.296,665.792,857.633,640.237,51.326,51.110,2623.233,0.88385,0,-0.07350,0.21919
16369923669329,883.465,666.081,857.684,640.580,51.561,51.002,2629.723,0.88966,0,-0.07350,0.21919
16370090578536,883.922,666.069,858.605,640.680,50.634,50.778,2571.077,0.89414,0,-0.07450,0.21919
16370390487155,883.622,666.045,857.720,640.153,51.804,51.785,2682.704,0.89046,0,-0.07450,0.21919
16370624889788,883.415,665.787,857.764,640.362,51.304,50.850,2608.792,0.88484,0,-0.07550,0.21919
16370824920553,883.160,665.839,857.336,640.263,51.647,51.152,2641.870,0.89283,0,-0.07550,0.21919
16371091059162,883.736,665.849,857.887,640.241,51.697,51.216,2647.749,0.88793,0,-0.07550,0.21919
16371324805279,883.176,665.447,857.343,639.906,51.665,51.081,2639.095,0.88461,0,-0.07550,0.21919
16371591163160,883.322,665.770,857.518,640.259,51.610,51.023,2633.259,0.88879,0,-0.07550,0.21919
16372024821135,883.726,665.900,858.019,640.365,51.415,51.069,2625.710,0.88332,0,-0.07550,0.21719
16372259610617,883.684,665.707,857.999,640.011,51.369,51.392,2639.983,0.89397,0,-0.07650,0.21719
16372395339931,883.547,665.824,857.694,640.111,51.707,51.425,2659.034,0.89420,0,-0.07650,0.21719
16372563291579,883.712,666.006,857.963,640.471,51.499,51.070,2630.024,0.88494,0,-0.07650,0.21719
16372760289054,883.894,666.161,858.281,640.711,51.226,50.899,2607.333,0.88586,0,-0.07650,0.21719
16372926433121,883.222,666.170,857.332,640.592,51.781,51.156,2648.912,0.88929,0,-0.07650,0.21719
16373061008331,883.769,665.958,858.251,640.578,51.036,50.760,2590.607,0.89003,0,-0.07650,0.21719
17000635705991,1091.059,647.558,1066.110,621.729,49.897,51.658,2577.610,0.89098,0,0.10950,0.19819
17000771161678,1091.169,647.209,1066.636,621.283,49.067,51.851,2544.187,0.88338,0,0.10850,0.19819
17000971306123,1091.250,647.236,1066.447,621.324,49.606,51.824,2570.788,0.89649,0,0.10850,0.19819
17001503047370,1091.435,647.168,1066.708,621.398,49.455,51.539,2548.871,0.90140,0,0.10750,0.19719
17001671461143,1091.126,647.120,1066.389,621.316,49.475,51.607,2553.270,0.89434,0,0.10850,0.19619
17001805710137,1091.195,647.289,1066.554,621.560,49.282,51.457,2535.907,0.89228,0,0.10950,0.19519
17002004378085,1091.352,647.521,1066.573,621.603,49.558,51.835,2568.815,0.89898,0,0.10950,0.19419
17002139693684,1091.261,647.659,1066.160,621.545,50.201,52.230,2621.994,0.89887,0,0.10950,0.19319
17002307070783,1090.971,647.254,1065.983,621.236,49.977,52.035,2600.517,0.89110,0,0.10850,0.19219
17002439966680,1091.162,647.219,1066.395,621.324,49.535,51.792,2565.491,0.90104,0,0.10950,0.19219
17002805747581,1091.091,647.294,1066.211,621.379,49.759,51.830,2579.012,0.89659,0,0.10950,0.19319
17003043137187,1091.182,647.228,1066.301,621.160,49.763,52.135,2594.403,0.89530,0,0.10950,0.19219
17003540398747,1091.076,647.140,1066.286,621.247,49.580,51.785,2567.528,0.89311,0,0.11050,0.19219
17003709705619,1090.927,647.197,1066.107,621.086,49.641,52.222,2592.351,0.89929,0,0.10950,0.19219
17004673555014,1091.215,647.282,1066.464,621.404,49.502,51.756,2562.035,0.89343,0,0.10950,0.19319
17005006588636,1090.991,647.360,1066.353,621.470,49.277,51.781,2551.581,0.89645,0,0.10950,0.19219
17028931684835,837.635,637.265,812.855,610.228,49.560,54.075,2679.932,0.90058,0,-0.09250,0.19219
17029099420878,837.797,637.653,813.259,610.796,49.076,53.714,2636.069,0.90293,0,-0.09250,0.19219
17029299776919,837.622,637.385,812.678,610.608,49.889,53.555,2671.816,0.90620,0,-0.09250,0.19219
17029499665135,837.632,637.465,813.307,610.988,48.651,52.954,2576.242,0.90247,0,-0.09250,0.19219
17029699825119,837.137,637.890,812.418,611.096,49.438,53.587,2649.237,0.89515,0,-0.09250,0.19219
17029867599601,836.395,637.679,811.528,611.167,49.733,53.024,2637.045,0.89559,0,-0.09250,0.19219
17030101068993,835.772,638.078,810.783,611.262,49.977,53.631,2680.297,0.90175,0,-0.09250,0.19219
17030268027807,836.628,637.901,811.723,611.039,49.810,53.724,2676.005,0.89323,0,-0.09250,0.19119
17031301631932,837.632,637.058,813.432,610.775,48.400,52.565,2544.161,0.88295,2,-0.09350,0.19019
17031436800038,837.529,637.369,812.928,610.804,49.202,53.131,2614.193,0.90621,0,-0.09350,0.19019
17032135757376,837.749,637.761,813.633,611.394,48.231,52.735,2543.452,0.87800,2,-0.09350,0.18819
17032303707540,837.474,637.284,813.238,611.000,48.472,52.570,2548.174,0.88366,2,-0.09450,0.18819
17032438624171,837.819,637.304,813.042,610.313,49.555,53.981,2675.015,0.89651,0,-0.09450,0.18819
17033506784678,837.638,637.846,812.880,611.479,49.516,52.735,2611.218,0.89385,0,-0.09350,0.18819
17033672582770,837.333,637.987,812.635,611.172,49.395,53.629,2648.994,0.90452,0,-0.09350,0.18819
17033838756458,837.655,637.828,813.525,611.757,48.259,52.142,2516.336,0.90534,0,-0.09350,0.18819
17033971275617,837.664,637.797,812.951,610.929,49.426,53.736,2655.953,0.90496,0,-0.09350,0.18819
17034138980420,837.399,637.728,812.644,611.063,49.511,53.330,2640.453,0.90010,0,-0.09350,0.18819
17034272915712,837.161,637.678,812.193,610.609,49.937,54.137,2703.390,0.89751,0,-0.09350,0.18819
17053824538355,542.121,647.279,517.195,621.044,49.853,52.469,2615.738,0.84313,0,-0.32550,0.20419
17054159657444,541.894,647.242,517.072,621.364,49.644,51.756,2569.379,0.88756,0,-0.32550,0.20419
17054359210235,541.999,647.366,517.438,621.290,49.124,52.152,2561.917,0.86226,0,-0.32550,0.20419
17054827445161,541.947,647.480,517.367,621.638,49.161,51.684,2540.856,0.86492,0,-0.32550,0.20419
17055293283837,541.974,647.721,517.262,621.651,49.423,52.141,2576.941,0.87196,0,-0.32550,0.20419
17056226295282,541.654,647.781,516.775,621.791,49.757,51.980,2586.385,0.88717,0,-0.32550,0.20419
17056560842741,541.573,647.668,516.776,621.633,49.594,52.070,2582.351,0.86670,0,-0.32350,0.20319
17057628995044,541.470,647.813,516.766,621.747,49.408,52.133,2575.751,0.87059,0,-0.32750,0.20319
17058062793685,541.732,647.640,516.932,621.523,49.599,52.234,2590.760,0.88162,0,-0.32750,0.20319
17058529523200,541.938,647.723,517.126,621.797,49.624,51.852,2573.058,0.87331,0,-0.32750,0.20419
17058663344811,542.071,647.672,517.098,621.450,49.947,52.444,2619.426,0.88724,0,-0.32850,0.20419
17058863951212,541.911,647.582,517.127,621.493,49.567,52.178,2586.304,0.87477,0,-0.32850,0.20319
17072410031818,845.425,647.399,821.436,621.971,47.978,50.855,2439.898,0.87075,0,-0.08850,0.18719
17072611533497,845.411,647.367,821.261,621.705,48.299,51.325,2478.963,0.81469,0,-0.08850,0.18719
17073211154623,845.285,647.320,821.183,621.757,48.203,51.126,2464.424,0.86740,0,-0.08850,0.18719
17073378973618,845.204,647.256,821.012,621.661,48.383,51.191,2476.765,0.89060,0,-0.08850,0.18719
17073711678557,846.005,647.221,821.885,621.524,48.241,51.393,2479.249,0.87179,0,-0.08850,0.18619
17073946368974,845.739,647.585,822.104,622.017,47.270,51.137,2417.236,0.85850,0,-0.08950,0.18619
17074145647024,845.493,647.408,821.147,621.549,48.692,51.719,2518.324,0.88167,0,-0.08950,0.18719
17074380169528,845.667,647.400,821.544,621.669,48.247,51.461,2482.833,0.85055,0,-0.08850,0.18719
17074713089488,845.701,647.174,821.427,621.569,48.549,51.210,2486.192,0.85934,0,-0.09050,0.18719
17075014027145,845.727,647.438,821.913,622.006,47.629,50.863,2422.562,0.87130,0,-0.09150,0.18819
17075279839500,845.324,647.175,820.928,621.465,48.792,51.421,2508.907,0.84537,0,-0.09150,0.18719
17075480844358,845.272,647.362,821.040,621.601,48.464,51.521,2496.900,0.88097,0,-0.09250,0.18819
17075681794737,845.166,647.259,820.634,621.402,49.064,51.714,2537.303,0.88773,0,-0.09250,0.18819
17075849833549,845.652,646.888,821.479,621.185,48.347,51.406,2485.356,0.87441,0,-0.09350,0.18719
17076017248709,845.373,647.148,821.416,621.531,47.914,51.233,2454.764,0.87558,0,-0.09450,0.18719
17086525437383,1041.876,642.580,1017.265,616.156,49.222,52.848,2601.312,0.89180,0,0.07050,0.18419
17087525631779,1041.433,642.662,1017.082,616.387,48.703,52.551,2559.377,0.89295,0,0.07050,0.18419
17087697599183,1041.365,642.638,1017.258,616.726,48.213,51.825,2498.661,0.89402,0,0.07050,0.18419
17087860782007,1041.276,642.555,1016.690,616.090,49.173,52.930,2602.723,0.89416,0,0.07050,0.18419
17087961174236,1040.911,642.680,1016.578,616.647,48.665,52.065,2533.732,0.89787,0,0.07050,0.18419
17088827707008,1041.357,642.855,1016.920,616.595,48.873,52.520,2566.835,0.89230,0,0.06950,0.18319
17089094460966,1041.002,642.812,1016.555,616.409,48.894,52.807,2581.944,0.89805,0,0.06950,0.18219
17089427878486,1041.578,642.637,1016.897,616.150,49.362,52.974,2614.921,0.89618,0,0.06850,0.18219
17090162715930,1041.254,642.821,1016.559,616.453,49.392,52.735,2604.696,0.89337,0,0.06850,0.18319
17090429467198,1041.636,642.603,1017.242,616.398,48.788,52.411,2557.040,0.89408,0,0.06850,0.18319
17101776934676,1160.711,643.789,1136.358,617.921,48.707,51.736,2519.881,0.89323,0,0.15550,0.19519
17101973712840,1160.519,644.053,1136.336,618.217,48.366,51.672,2499.203,0.89704,0,0.15550,0.19519
17102176381604,1160.795,644.048,1136.297,618.153,48.996,51.789,2537.489,0.89281,0,0.15550,0.19519
17102575324761,1161.090,644.065,1136.540,618.228,49.099,51.673,2537.107,0.89017,0,0.15150,0.19319
17102976078216,1160.780,644.123,1135.964,618.154,49.632,51.939,2577.857,0.89084,0,0.15250,0.19319
17103376282451,1160.584,644.533,1136.271,618.823,48.626,51.420,2500.334,0.89511,0,0.15250,0.19219
17103577179636,1160.878,644.118,1136.208,618.091,49.340,52.053,2568.295,0.89381,0,0.15250,0.19119
17103810895838,1160.865,644.064,1136.173,617.937,49.383,52.254,2580.451,0.89264,0,0.15350,0.19019
17103912127362,1160.819,644.363,1136.110,618.410,49.418,51.907,2565.110,0.89673,0,0.15250,0.18919
17104210081553,1160.769,644.629,1135.930,618.608,49.678,52.041,2585.311,0.89375,0,0.15250,0.18819
17104810622608,1161.019,644.057,1136.676,618.215,48.687,51.685,2516.376,0.89290,0,0.15150,0.18719
17115221693497,1354.627,667.887,1330.342,642.304,48.571,51.167,2485.252,0.86849,2,0.28350,0.22019
17115389637881,1354.625,667.912,1330.578,642.058,48.095,51.708,2486.867,0.86611,2,0.28350,0.22019
17138578682754,1354.132,669.335,1330.089,643.751,48.085,51.168,2460.449,0.89395,0,0.29550,0.21419
17138813988236,1354.075,669.214,1330.250,643.763,47.651,50.902,2425.540,0.89116,0,0.29450,0.21419
17139078807184,1354.203,669.044,1330.049,643.393,48.308,51.303,2478.335,0.89575,0,0.29550,0.21419
17139348466936,1354.570,669.172,1330.530,643.499,48.081,51.347,2468.824,0.89308,0,0.29650,0.21419
17139780054366,1354.349,669.191,1330.062,643.389,48.575,51.603,2506.620,0.89760,0,0.29750,0.21419
17140013976943,1354.396,668.957,1330.229,643.187,48.334,51.540,2491.156,0.89844,0,0.29850,0.21519
17140314173979,1354.047,669.106,1330.156,643.577,47.782,51.060,2439.767,0.89610,0,0.29950,0.21519
17140481141393,1354.248,669.180,1330.423,643.642,47.650,51.076,2433.802,0.89472,0,0.29950,0.21519
17140681521856,1354.017,669.152,1330.006,643.473,48.022,51.357,2466.265,0.89952,0,0.29950,0.21519
17140914493775,1354.163,669.176,1330.288,643.643,47.749,51.067,2438.370,0.89507,0,0.30050,0.21619
17141114958385,1354.210,669.106,1330.410,643.550,47.601,51.113,2433.045,0.88977,0,0.30050,0.21619
17141448619253,1354.195,668.988,1330.061,643.242,48.268,51.491,2485.343,0.89830,0,0.30050,0.21719
17141681658798,1354.055,669.313,1329.926,643.656,48.258,51.313,2476.262,0.89883,0,0.30150,0.21819
17142149156015,1354.306,669.134,1330.142,643.256,48.328,51.757,2501.309,0.89340,0,0.30150,0.21919
17142482998060,1354.376,668.969,1330.220,643.237,48.313,51.465,2486.411,0.89211,0,0.30150,0.22119
17142783869481,1354.242,669.058,1330.024,643.297,48.436,51.521,2495.451,0.89465,0,0.30050,0.22219
17143283099772,1354.157,669.198,1330.157,643.428,47.999,51.539,2473.801,0.89441,0,0.30150,0.22119
17144150343624,1354.107,669.275,1330.054,643.683,48.104,51.183,2462.131,0.89722,0,0.30350,0.22319
17168043286151,1347.000,706.858,1322.757,680.557,48.485,52.602,2550.417,0.89548,0,0.30850,0.25219
17168210174447,1346.773,706.920,1322.040,680.506,49.465,52.829,2613.159,0.89844,0,0.30850,0.25219
17168443531760,1346.247,706.932,1321.458,680.399,49.579,53.065,2630.917,0.89824,0,0.30950,0.25119
17168609763366,1346.493,706.574,1322.091,680.376,48.804,52.395,2557.097,0.89312,0,0.30850,0.25119
17169045369798,1347.178,706.790,1322.958,680.704,48.439,52.172,2527.189,0.88829,0,0.30850,0.25219
17169243605452,1346.088,706.759,1321.334,680.573,49.509,52.371,2592.815,0.89833,0,0.30850,0.25219
17169379055067,1346.456,706.908,1321.548,680.640,49.815,52.537,2617.144,0.89455,0,0.30750,0.25219
17169579854272,1346.544,707.240,1321.942,680.657,49.205,53.166,2616.021,0.90931,0,0.30650,0.25219
17169978010983,1346.268,706.773,1321.190,680.352,50.156,52.841,2650.282,0.89799,0,0.30750,0.25219
17170611462016,1346.715,707.027,1322.101,680.595,49.229,52.863,2602.375,0.89954,0,0.30750,0.25219
17171078781235,1346.164,707.125,1321.304,680.572,49.719,53.106,2640.377,0.89798,0,0.30750,0.25419
17171346584580,1346.328,707.204,1321.327,680.691,50.001,53.027,2651.405,0.90547,0,0.30550,0.25519
17185226514107,1101.807,674.799,1077.358,648.760,48.898,52.078,2546.492,0.88848,0,0.09650,0.22719
17185361399674,1101.877,674.946,1077.708,649.090,48.340,51.712,2499.746,0.89521,0,0.09650,0.22719
17185461936156,1102.105,674.861,1077.810,648.769,48.590,52.183,2535.616,0.90419,0,0.09550,0.22719
17185694373941,1101.828,674.744,1077.629,648.536,48.398,52.416,2536.833,0.90022,0,0.09550,0.22719
17186061633345,1102.218,674.884,1078.194,648.941,48.047,51.886,2492.955,0.89279,0,0.09450,0.22619
17186295052519,1102.551,674.919,1078.472,648.916,48.158,52.006,2504.516,0.89549,0,0.09350,0.22619
17186462768050,1102.127,675.486,1078.143,649.412,47.969,52.147,2501.430,0.86776,2,0.09350,0.22619
17186631429215,1102.121,675.451,1077.982,649.535,48.278,51.834,2502.430,0.86839,2,0.09250,0.22619
17190799157113,1101.955,674.999,1077.634,648.941,48.642,52.115,2534.945,0.89978,0,0.10250,0.22719
17191066795165,1101.904,674.805,1077.599,648.759,48.609,52.093,2532.153,0.89298,0,0.10250,0.22719
17191233673320,1102.083,674.764,1078.009,649.061,48.149,51.406,2475.148,0.89759,0,0.10250,0.22719
17191400451681,1102.015,674.654,1077.999,648.941,48.033,51.426,2470.132,0.85658,0,0.10250,0.22719
17191766095972,1101.918,674.774,1077.701,649.034,48.435,51.480,2493.423,0.89319,0,0.10250,0.22719
17191968281793,1101.965,674.592,1077.501,648.902,48.928,51.379,2513.862,0.90160,0,0.10250,0.22719
17192102315039,1102.050,674.684,1077.721,648.765,48.657,51.837,2522.274,0.86713,0,0.10250,0.22719
17275252313324,980.429,655.994,955.409,629.667,50.039,52.655,2634.828,0.89373,0,0.00950,0.20419
17275418933218,980.783,655.685,955.615,629.577,50.336,52.215,2628.286,0.88554,0,0.00950,0.20419
17276053746361,979.891,655.853,954.286,629.268,51.211,53.171,2722.909,0.88678,0,0.00950,0.20319
17276220588228,980.333,656.258,955.433,630.207,49.800,52.102,2594.685,0.89384,0,0.00950,0.20419
17277254197904,980.030,656.233,955.098,629.917,49.865,52.631,2624.452,0.88726,0,0.00850,0.20219
17277421333541,980.016,656.185,954.931,630.125,50.169,52.121,2614.865,0.88746,0,0.00850,0.20219
17277655386414,979.903,656.189,955.157,630.433,49.493,51.511,2549.420,0.88902,0,0.00850,0.20319
17277921746998,979.909,656.006,954.349,629.524,51.120,52.964,2707.494,0.89022,0,0.00750,0.20319
17278255272733,980.240,655.841,955.147,629.719,50.187,52.244,2621.981,0.88808,0,0.00750,0.20319
17278523205841,980.157,655.788,955.015,629.599,50.282,52.377,2633.624,0.89082,0,0.00750,0.20319
17278722908750,980.352,655.776,955.107,629.564,50.491,52.423,2646.896,0.89102,0,0.00650,0.20319
17279122961729,980.958,655.940,955.985,629.916,49.945,52.047,2599.481,0.88639,0,0.00650,0.20419
17279355925997,980.602,655.922,955.631,629.825,49.942,52.194,2606.650,0.88886,0,0.00550,0.20519
17279591059051,980.809,656.169,955.793,629.957,50.031,52.423,2622.818,0.88896,0,0.00550,0.20519
17279856733752,980.283,655.921,955.177,629.952,50.212,51.939,2607.964,0.88768,0,0.00550,0.20419
17280124319456,980.698,655.465,955.506,629.306,50.384,52.318,2635.998,0.89243,0,0.00550,0.20619
17280324230456,980.568,655.755,954.995,629.343,51.145,52.824,2701.677,0.88757,0,0.00550,0.20619
17280526558457,980.664,655.887,955.369,629.550,50.590,52.672,2664.702,0.89119,0,0.00450,0.20619
17296706753325,874.775,659.786,849.770,632.917,50.011,53.739,2687.573,0.84531,0,-0.07550,0.21419
17296940701632,874.730,659.744,850.031,633.312,49.397,52.866,2611.416,0.87022,0,-0.07550,0.21419
17297374630668,874.587,659.809,849.849,633.076,49.475,53.466,2645.232,0.84557,0,-0.07650,0.21319
17297876291744,874.489,659.693,849.894,633.010,49.189,53.367,2625.073,0.87272,0,-0.07650,0.21219
17298075400535,874.691,659.862,850.018,632.942,49.345,53.842,2656.826,0.88366,0,-0.07650,0.21219
17298342086081,874.501,659.795,849.754,633.067,49.495,53.455,2645.784,0.84797,0,-0.07650,0.21319
17298675717831,874.695,659.738,850.119,632.954,49.152,53.567,2632.910,0.84344,0,-0.07750,0.21319
17299009628814,874.340,659.893,849.671,633.148,49.338,53.491,2639.149,0.88309,0,-0.07950,0.21319
17299244084822,874.378,659.960,850.005,633.388,48.744,53.143,2590.438,0.87575,0,-0.07950,0.21319
17299445672320,874.511,660.183,849.749,633.361,49.525,53.645,2656.780,0.89599,0,-0.07950,0.21419
17299644470160,874.824,660.366,849.868,633.307,49.912,54.117,2701.087,0.88993,0,-0.07850,0.21519
17299743791105,874.760,659.781,850.299,632.941,48.922,53.679,2626.104,0.88561,2,-0.07950,0.21419
17757542855106,1235.605,776.113,1221.767,761.230,27.676,29.766,823.797,0.85368,0,0.18650,0.33819
17757710153114,1236.031,776.177,1222.476,761.321,27.110,29.712,805.501,0.74351,0,0.18650,0.33819
17757875950666,1234.892,777.187,1220.831,762.148,28.122,30.077,845.842,0.85935,0,0.18650,0.33819
17758010447174,1235.184,776.276,1221.177,761.306,28.013,29.940,838.705,0.85881,0,0.18650,0.33819
17758110379298,1235.686,776.553,1221.758,761.646,27.857,29.815,830.565,0.84666,0,0.18650,0.33819
17759010540352,1235.424,777.177,1221.740,762.276,27.369,29.801,815.641,0.79273,0,0.18650,0.33819
17759677079671,1234.880,776.708,1220.978,761.989,27.805,29.438,818.516,0.77355,0,0.18650,0.33819
17762379650754,1235.101,776.882,1221.122,761.952,27.959,29.862,834.894,0.79350,0,0.18550,0.33819
17762582032664,1235.413,776.578,1221.515,761.612,27.796,29.931,831.963,0.83308,0,0.18550,0.33819
17762748996667,1235.377,776.616,1221.590,761.868,27.574,29.495,813.293,0.84945,0,0.18550,0.33819
17762914852543,1235.471,776.913,1221.732,762.155,27.479,29.516,811.080,0.80043,0,0.18550,0.33819
17763083116011,1235.104,776.425,1221.453,761.420,27.302,30.010,819.334,0.84557,0,0.18550,0.33819
17764682681138,1235.520,776.504,1221.552,761.430,27.938,30.147,842.233,0.82317,0,0.18450,0.33719
17765016000008,1235.230,776.530,1221.903,762.158,26.656,28.745,766.203,0.79970,2,0.18450,0.33719
17766150634494,1235.391,776.480,1221.390,761.351,28.001,30.259,847.261,0.85016,0,0.18550,0.33819
17766819516688,1235.376,776.543,1221.302,761.408,28.148,30.270,852.047,0.85391,0,0.18550,0.33919
17767019155672,1235.678,776.825,1222.376,762.376,26.604,28.898,768.803,0.80385,0,0.18550,0.33919
17767785893335,1235.046,776.575,1221.569,761.996,26.952,29.157,785.860,0.86703,0,0.18550,0.33819
17768653998158,1235.582,776.897,1222.032,762.163,27.100,29.468,798.579,0.80412,2,0.18450,0.33819
17768822203340,1234.963,776.417,1221.197,761.608,27.533,29.619,815.482,0.78922,2,0.18350,0.33819
17769920798160,1235.153,776.953,1221.208,761.947,27.889,30.012,836.998,0.85904,0,0.18350,0.33719
17770088406493,1234.666,776.927,1220.697,762.103,27.939,29.649,828.351,0.86560,0,0.18350,0.33719
17770255705386,1235.233,776.753,1221.217,761.881,28.031,29.745,833.779,0.84303,0,0.18350,0.33719
17770391507261,1235.015,776.828,1221.019,761.824,27.994,30.009,840.047,0.80586,0,0.18350,0.33719
17770524717510,1235.063,777.009,1221.041,762.014,28.045,29.990,841.062,0.86188,0,0.18350,0.33719
17770655561335,1235.159,776.143,1221.262,760.991,27.795,30.304,842.295,0.80379,0,0.18350,0.33719
17807227404618,1234.955,776.941,1221.124,762.039,27.661,29.803,824.400,0.84824,0,0.18350,0.33619
17807426098236,1234.934,776.784,1220.941,761.861,27.985,29.846,835.236,0.84223,0,0.18350,0.33619
17807860226348,1235.705,776.701,1221.879,761.700,27.651,30.004,829.633,0.83007,0,0.18350,0.33619
17872624067587,1109.307,813.394,1095.683,798.692,27.247,29.404,801.176,0.79756,0,0.08050,0.37419
17872759202795,1109.457,813.282,1095.660,798.364,27.594,29.835,823.261,0.83577,0,0.08050,0.37419
17872893360620,1108.886,813.765,1095.260,798.853,27.252,29.823,812.737,0.83483,0,0.08050,0.37419
17872993339590,1108.919,813.923,1095.414,799.225,27.010,29.397,794.005,0.77565,2,0.08050,0.37419
17873127081648,1109.039,813.990,1095.216,799.230,27.645,29.520,816.084,0.76789,2,0.08050,0.37419
17873226059171,1108.940,813.677,1095.919,798.817,26.043,29.719,773.955,0.79169,2,0.08050,0.37419
17873327706627,1108.759,814.113,1094.823,799.023,27.872,30.181,841.225,0.77677,2,0.08050,0.37419
17873459674443,1108.104,814.305,1094.741,799.388,26.726,29.835,797.351,0.76689,2,0.08050,0.37419
17873560806311,1108.380,813.980,1094.728,798.982,27.305,29.996,819.049,0.75997,2,0.08050,0.37419
17873659915477,1108.205,813.512,1094.761,798.838,26.888,29.349,789.135,0.79608,2,0.08050,0.37419
17874293183271,1108.711,813.813,1095.409,799.332,26.604,28.963,770.517,0.79183,2,0.08050,0.37419
17874794383784,1108.436,813.908,1094.872,798.948,27.129,29.920,811.679,0.78520,2,0.08050,0.37419
17884870651975,1108.357,814.620,1094.911,800.033,26.892,29.174,784.531,0.78054,2,0.08250,0.37519
17885805218109,1108.861,814.639,1095.155,799.922,27.413,29.432,806.822,0.77629,2,0.08250,0.37519
17888140968263,1108.089,814.545,1094.961,800.165,26.255,28.759,755.070,0.79821,2,0.08250,0.37519
17955743336313,797.489,466.754,782.685,451.319,29.608,30.870,913.999,0.86882,0,-0.15750,0.02119
17955945892220,797.210,466.944,782.373,451.757,29.674,30.375,901.324,0.86028,0,-0.15750,0.02119
17956245746876,797.515,467.224,782.503,451.853,30.024,30.742,923.002,0.86144,0,-0.15750,0.02119
17956377601633,796.953,466.914,781.842,451.324,30.221,31.179,942.272,0.86546,0,-0.15750,0.02119
17956545442964,797.143,467.461,781.688,451.684,30.911,31.555,975.408,0.85496,0,-0.15750,0.02119
17956712377339,797.424,466.961,782.500,451.764,29.849,30.393,907.213,0.86689,0,-0.15750,0.02119
17956810580617,796.907,467.268,782.089,452.078,29.637,30.381,900.398,0.86858,0,-0.15750,0.02119
17957244762327,797.698,467.500,782.520,451.776,30.355,31.449,954.626,0.85448,0,-0.15750,0.02119
17957477541243,797.687,467.547,782.734,452.161,29.906,30.771,920.241,0.86105,0,-0.15750,0.02119
17957646950246,797.699,467.427,782.943,452.091,29.511,30.672,905.151,0.86888,0,-0.15750,0.02119
17957781013611,797.433,466.947,782.481,451.453,29.903,30.987,926.596,0.86089,0,-0.15750,0.02119
17958011863093,797.056,467.647,782.014,451.940,30.083,31.414,945.031,0.87208,0,-0.15750,0.02119
17958180628134,797.870,467.710,783.330,452.582,29.080,30.257,879.869,0.85712,0,-0.15750,0.02119
17958512296707,797.393,467.756,782.210,452.156,30.366,31.200,947.421,0.85728,0,-0.15750,0.02119
17958679658800,797.290,468.005,782.173,452.755,30.235,30.499,922.145,0.84945,0,-0.15750,0.02119
17958812645882,797.210,467.654,782.507,452.710,29.405,29.889,878.893,0.85513,0,-0.15750,0.02119
17989943942306,631.143,235.912,616.960,221.127,28.366,29.571,838.797,0.87277,0,-0.29050,-0.21981
17990144420774,631.509,235.885,617.385,221.463,28.246,28.843,814.707,0.85469,0,-0.29050,-0.21981
17992713932232,631.378,235.956,617.023,221.244,28.710,29.424,844.763,0.86293,0,-0.29050,-0.21981
17992948384853,631.670,235.922,617.418,221.498,28.504,28.847,822.246,0.86280,0,-0.29050,-0.21981
17993580683040,631.769,236.116,617.808,221.680,27.922,28.873,806.192,0.86461,0,-0.29050,-0.21981
17994049824213,631.867,236.146,617.539,221.479,28.656,29.333,840.564,0.86590,0,-0.29050,-0.22081
17994783943628,631.881,235.507,617.734,221.144,28.293,28.726,812.748,0.86572,0,-0.28950,-0.22081
17994949711558,631.506,235.498,617.548,220.856,27.914,29.284,817.446,0.85973,0,-0.28950,-0.22081
17995251620454,631.851,235.203,618.034,220.727,27.634,28.950,800.019,0.84293,0,-0.29050,-0.22281
17995417868198,631.771,235.194,617.770,220.790,28.000,28.807,806.608,0.85175,0,-0.29150,-0.22381
17995683652046,631.402,235.523,617.307,221.124,28.190,28.798,811.805,0.85069,0,-0.29150,-0.22281
17996383536215,631.934,235.354,618.086,220.939,27.698,28.829,798.497,0.85585,0,-0.29150,-0.22281
17996984655927,631.473,236.203,617.030,221.586,28.884,29.236,844.456,0.86675,0,-0.29150,-0.22281
17997184669974,631.654,236.264,617.177,221.542,28.954,29.445,852.538,0.86673,0,-0.29250,-0.22281
17998418479570,631.988,236.047,617.659,221.616,28.657,28.862,827.095,0.86554,0,-0.29450,-0.22281
18011866042563,607.387,526.156,592.669,510.884,29.437,30.545,899.151,0.85134,0,-0.31050,0.08219
18012833142347,607.628,525.565,593.351,510.532,28.555,30.066,858.529,0.82214,0,-0.31250,0.08219
18013134145526,608.118,525.345,594.202,510.379,27.833,29.933,833.151,0.81707,2,-0.31250,0.08219
18013600996708,607.924,525.322,593.591,510.233,28.666,30.178,865.106,0.82070,0,-0.31250,0.08019
18013836019506,607.696,525.647,593.046,510.299,29.300,30.696,899.391,0.83371,0,-0.31350,0.08019
18014535973510,607.694,525.817,593.180,510.875,29.029,29.885,867.526,0.83232,0,-0.31550,0.08119
18016671018048,607.692,525.444,593.016,510.245,29.352,30.399,892.242,0.82776,0,-0.31150,0.07619
18017304244825,608.191,525.528,593.592,510.491,29.197,30.073,878.035,0.83647,0,-0.31150,0.07419
18017772511459,608.272,525.128,593.772,509.993,29.000,30.271,877.867,0.80943,0,-0.31250,0.07419
18026747814108,608.386,524.355,593.815,509.214,29.142,30.282,882.469,0.84249,0,-0.31350,0.07319
18026981420909,609.252,525.202,594.965,510.082,28.574,30.240,864.079,0.78496,2,-0.31350,0.07219
18032619956554,608.809,524.651,594.241,509.790,29.136,29.723,866.013,0.83472,0,-0.31450,0.07319
18032854301761,609.147,524.306,594.323,509.269,29.648,30.073,891.594,0.81812,0,-0.31450,0.07319
18032923190599,608.889,524.475,594.564,509.500,28.651,29.950,858.092,0.83625,0,-0.31450,0.07319
18033121061531,609.003,524.367,594.608,509.358,28.790,30.019,864.232,0.80194,0,-0.31450,0.07319
18033421318941,608.578,524.476,593.517,508.857,30.122,31.239,940.962,0.82242,0,-0.31450,0.07319
18033687540037,608.535,524.624,593.759,509.222,29.553,30.804,910.350,0.83581,0,-0.31450,0.07319
18033855952342,608.364,524.739,593.603,509.222,29.522,31.034,916.192,0.82702,0,-0.31450,0.07319
18033954859901,608.815,524.921,593.965,509.625,29.702,30.592,908.622,0.84916,0,-0.31450,0.07319
18034089404903,608.644,524.661,594.155,509.490,28.978,30.342,879.276,0.85343,0,-0.31450,0.07319
18034257182466,608.713,524.054,594.132,508.897,29.161,30.313,883.978,0.84476,0,-0.31450,0.07319
18075729698558,606.870,901.962,591.990,886.641,29.760,30.642,911.918,0.82831,0,-0.30950,0.46419
18076164726958,607.588,902.067,593.187,886.769,28.802,30.595,881.190,0.83141,0,-0.30950,0.46419
18076298772268,606.959,902.317,592.086,886.911,29.747,30.811,916.531,0.83630,0,-0.30950,0.46419
18077365065128,607.752,901.807,593.498,886.820,28.509,29.974,854.513,0.80564,0,-0.30850,0.46419
18077566167740,607.325,901.801,592.579,886.613,29.491,30.376,895.802,0.81987,0,-0.30850,0.46419
18079567718412,607.119,903.056,592.058,887.483,30.122,31.146,938.169,0.80312,0,-0.30850,0.46419
18079772575292,607.251,902.737,592.448,887.474,29.606,30.527,903.777,0.82365,0,-0.30850,0.46419
18082002783637,607.789,901.922,593.484,886.684,28.610,30.477,871.959,0.83607,0,-0.30850,0.46519
18082137822367,607.341,901.914,592.955,886.927,28.772,29.975,862.427,0.80028,0,-0.30850,0.46519
18082271692390,607.524,901.949,592.827,886.368,29.394,31.162,915.979,0.84009,0,-0.30850,0.46519
18082405048400,607.065,902.664,591.843,886.639,30.445,32.050,975.769,0.82998,0,-0.30850,0.46519
18082737896174,607.387,902.280,592.445,886.853,29.883,30.853,921.994,0.85354,0,-0.30850,0.46519
18082871800768,607.607,902.082,592.934,886.921,29.346,30.321,889.825,0.82304,0,-0.30850,0.46519
18084105858034,607.330,901.696,592.471,886.314,29.718,30.764,914.224,0.68420,0,-0.30850,0.46519
18084206424477,607.303,901.891,592.810,886.906,28.987,29.969,868.706,0.83226,0,-0.30850,0.46519
18084374699530,607.240,901.877,592.964,886.842,28.552,30.069,858.554,0.81119,0,-0.30850,0.46519
18085773200808,607.495,901.833,592.607,886.267,29.777,31.131,926.964,0.80346,0,-0.30850,0.46419
18085907552323,607.426,901.604,592.739,886.130,29.373,30.948,909.037,0.76131,0,-0.30850,0.46419
18086174651645,607.020,902.008,592.497,886.667,29.046,30.684,891.230,0.82709,0,-0.30850,0.46419
18086342196397,607.765,901.867,593.560,886.963,28.410,29.807,846.798,0.82291,0,-0.30850,0.46419
18121276252795,927.940,773.489,913.526,758.402,28.829,30.174,869.884,0.85286,0,-0.06150,0.33519
18121477839140,927.487,773.760,913.422,758.734,28.129,30.053,845.340,0.84968,0,-0.06150,0.33519
18121910683784,926.964,773.765,913.240,759.030,27.449,29.468,808.877,0.85079,0,-0.06150,0.33519
18122546214895,927.585,773.765,912.761,757.978,29.648,31.574,936.114,0.81683,0,-0.06150,0.33519
18122746464826,928.171,773.063,913.495,757.861,29.351,30.405,892.411,0.84126,0,-0.06150,0.33519
18123013926715,928.478,773.241,914.635,758.303,27.685,29.875,827.083,0.83770,0,-0.06150,0.33519
18123612245608,928.378,773.686,914.025,758.467,28.706,30.437,873.735,0.84425,0,-0.06150,0.33519
18123749633937,928.030,773.537,914.156,758.781,27.748,29.512,818.882,0.73127,0,-0.06150,0.33519
18124379473112,928.232,773.448,913.508,758.216,29.447,30.463,897.049,0.81867,0,-0.06150,0.33519
18124446054773,927.263,773.500,912.813,758.372,28.899,30.257,874.372,0.86075,0,-0.06150,0.33519
18124512824624,927.707,773.095,913.079,757.809,29.257,30.573,894.482,0.81373,0,-0.06150,0.33519
18124579674660,927.655,773.784,913.663,758.971,27.983,29.627,829.061,0.85677,0,-0.06150,0.33519
18124646301070,927.705,773.117,913.602,758.301,28.205,29.631,835.744,0.79844,0,-0.06150,0.33519
18124712965890,927.794,772.847,913.811,758.199,27.966,29.296,819.290,0.65825,0,-0.06150,0.33519
18124779991146,927.669,773.828,913.623,759.017,28.092,29.622,832.141,0.83812,0,-0.06150,0.33519
18124848013144,927.781,773.811,913.233,758.478,29.097,30.667,892.295,0.83611,0,-0.06150,0.33519
18124913977466,927.909,773.268,913.794,758.335,28.230,29.867,843.136,0.82981,0,-0.06150,0.33519
18124980585557,927.699,773.601,913.564,758.843,28.271,29.515,834.415,0.84995,0,-0.06150,0.33519
18125047741042,927.396,773.117,913.002,758.262,28.787,29.710,855.264,0.81093,0,-0.06150,0.33519
18125115161059,928.085,773.366,913.941,758.456,28.288,29.822,843.603,0.85808,0,-0.06150,0.33519
18125180484175,927.973,773.211,913.811,758.218,28.324,29.987,849.349,0.81488,0,-0.06150,0.33519
18125247203901,927.921,773.479,913.318,758.196,29.205,30.566,892.685,0.82736,0,-0.06150,0.33519
18125382214875,928.373,773.109,914.177,758.203,28.392,29.812,846.432,0.84909,0,-0.06150,0.33519
18129184404147,925.345,772.981,911.143,758.166,28.403,29.629,841.555,0.80225,0,-0.06150,0.33519
18224981388059,926.719,773.185,912.876,758.451,27.686,29.468,815.845,0.79125,2,-0.06050,0.33519
18225381278811,927.117,772.861,912.311,757.743,29.611,30.237,895.349,0.81795,0,-0.06050,0.33519
18283806798461,743.050,559.320,728.091,543.886,29.918,30.868,923.517,0.57155,0,-0.20750,0.10819
18284007484841,743.589,559.440,728.468,544.219,30.242,30.443,920.668,0.66299,0,-0.20750,0.10819
18284609049673,743.095,559.969,728.310,544.743,29.569,30.452,900.455,0.73855,0,-0.20750,0.10819
18285409676828,742.691,559.663,728.017,544.560,29.348,30.206,886.463,0.86607,0,-0.20750,0.10919
18285609404998,743.019,559.516,727.942,544.054,30.154,30.925,932.504,0.78184,0,-0.20750,0.10919
18285776148074,742.726,559.947,727.867,544.566,29.718,30.763,914.215,0.86240,0,-0.20750,0.10919
18285909445811,743.090,559.627,728.217,544.301,29.745,30.651,911.707,0.62916,0,-0.20750,0.10919
18286078460319,742.505,559.814,727.696,544.699,29.617,30.229,895.314,0.86408,0,-0.20750,0.10919
18286543665829,743.014,559.515,728.243,544.272,29.542,30.487,900.636,0.79814,0,-0.20750,0.10819
18286711200794,743.129,559.808,728.123,544.307,30.011,31.001,930.362,0.62607,0,-0.20750,0.10819
18286909772582,742.797,560.543,728.049,545.261,29.496,30.563,901.494,0.86016,0,-0.20750,0.10819
18287544756457,742.874,560.232,728.195,545.043,29.358,30.378,891.851,0.84826,0,-0.20750,0.10719
18287712231470,743.060,559.984,727.995,544.545,30.129,30.878,930.329,0.67635,0,-0.20750,0.10719
18288345278902,743.645,559.466,728.387,544.058,30.517,30.814,940.364,0.79206,0,-0.20850,0.10719
18288480433241,742.880,559.864,727.882,544.387,29.997,30.953,928.492,0.83233,0,-0.20850,0.10719
18288646459729,743.120,560.331,728.142,544.891,29.955,30.879,924.967,0.76914,0,-0.20850,0.10719
18288945608861,742.826,560.098,727.669,544.544,30.313,31.107,942.933,0.83081,0,-0.20850,0.10719
18289347210498,743.088,559.900,728.292,544.450,29.593,30.901,914.430,0.73264,0,-0.20850,0.10819
18289513584745,743.248,559.815,728.490,544.463,29.516,30.702,906.198,0.62715,0,-0.20850,0.10819
18289680463011,742.764,559.380,727.969,544.179,29.590,30.402,899.586,0.87049,0,-0.20850,0.10819
18290048098877,742.583,559.571,727.408,544.184,30.349,30.775,933.973,0.86782,0,-0.20650,0.10819
18290214004731,742.696,559.844,727.759,544.707,29.875,30.273,904.406,0.86699,0,-0.20650,0.10819
18290747188666,742.589,560.200,727.104,544.403,30.970,31.592,978.410,0.84936,0,-0.20650,0.10719
18290980594365,742.672,559.816,728.041,544.517,29.263,30.598,895.375,0.86604,0,-0.20750,0.10719
18291149568387,742.791,559.565,727.835,544.440,29.911,30.252,904.859,0.82455,0,-0.20850,0.10719
18291480909474,743.033,560.284,728.323,544.946,29.422,30.676,902.546,0.77452,0,-0.20750,0.10619
18291814180899,743.540,559.395,729.131,544.046,28.816,30.697,884.569,0.70176,2,-0.20750,0.10619
18294484382237,742.759,558.916,728.454,543.940,28.610,29.951,856.904,0.78569,2,-0.20850,0.10519
18554879589097,1162.216,525.073,1143.561,505.895,37.308,38.355,1430.973,0.88745,0,0.13050,0.06919
18555048938584,1162.330,525.217,1144.043,506.403,36.573,37.628,1376.198,0.88679,0,0.13050,0.06919
18555215959708,1161.983,525.696,1143.542,506.991,36.882,37.410,1379.736,0.87404,0,0.13050,0.06919
18555347991613,1162.212,525.338,1143.884,506.377,36.656,37.922,1390.037,0.89118,0,0.13050,0.06919
18555614572881,1161.811,525.858,1143.421,506.862,36.780,37.990,1397.303,0.88691,0,0.13050,0.06919
18555783924530,1161.515,525.924,1143.628,507.159,35.775,37.529,1342.581,0.88744,0,0.13050,0.06919
18556082304439,1161.751,525.485,1143.402,506.780,36.698,37.411,1372.908,0.88549,0,0.13050,0.06919
18556286246301,1161.559,525.462,1143.405,506.848,36.308,37.227,1351.636,0.88254,0,0.13050,0.06919
18556515947000,1161.516,525.549,1143.251,506.664,36.531,37.770,1379.743,0.88650,0,0.13050,0.06919
18556682509905,1161.645,525.518,1143.322,506.663,36.647,37.710,1381.981,0.88634,0,0.13050,0.06919
18556817799402,1161.878,525.654,1143.447,506.728,36.861,37.853,1395.308,0.87940,0,0.13050,0.06919
18556983265059,1161.802,525.206,1143.596,506.419,36.412,37.573,1368.093,0.88318,0,0.13050,0.06919
18557118224342,1161.616,525.956,1143.437,507.333,36.358,37.247,1354.232,0.88251,0,0.13050,0.06919
18557250937142,1161.756,525.763,1143.490,506.891,36.532,37.743,1378.849,0.88090,0,0.13050,0.06919
18557684174873,1161.649,525.676,1143.906,506.860,35.487,37.632,1335.425,0.87125,2,0.13050,0.06919
18558551982515,1161.495,525.559,1143.245,506.904,36.499,37.310,1361.783,0.88225,0,0.13050,0.06919
18591350424779,1008.452,517.668,990.273,498.921,36.359,37.494,1363.241,0.85965,0,0.01850,0.06919
18591550648175,1008.186,517.409,989.818,498.425,36.736,37.968,1394.783,0.82529,0,0.01850,0.06919
18591750168378,1008.077,517.816,989.796,498.994,36.563,37.644,1376.399,0.85018,0,0.01850,0.06919
18591884272101,1008.287,517.677,990.049,498.926,36.478,37.504,1368.047,0.88249,0,0.01850,0.06919
18592018623711,1008.175,517.775,989.848,498.810,36.655,37.930,1390.333,0.87188,0,0.01850,0.06919
18592651436434,1008.300,517.635,989.747,498.746,37.105,37.777,1401.743,0.88318,0,0.01850,0.06919
18592819812181,1008.396,517.836,989.907,498.747,36.979,38.178,1411.796,0.86423,0,0.01850,0.06919
18592952582174,1008.172,517.491,989.814,498.708,36.716,37.565,1379.241,0.85989,0,0.01850,0.06919
18593252265659,1008.181,517.399,990.023,498.657,36.315,37.484,1361.243,0.83575,0,0.01850,0.06919
18593585951449,1008.450,518.053,990.155,499.231,36.590,37.644,1377.396,0.89087,0,0.01850,0.06919
18593787056572,1008.277,517.822,990.013,498.989,36.528,37.666,1375.857,0.89112,0,0.01850,0.06919
18593954853270,1008.322,517.944,989.815,499.023,37.014,37.843,1400.724,0.86835,0,0.01850,0.06919
18594120755749,1008.379,517.963,989.955,499.074,36.848,37.778,1392.039,0.88531,0,0.01850,0.06919
18594224005014,1008.253,518.188,989.976,499.371,36.553,37.634,1375.632,0.88785,0,0.01850,0.06919
18594354879521,1008.415,517.797,989.924,498.704,36.982,38.186,1412.199,0.83033,0,0.01850,0.06919
18594456157116,1008.491,517.645,990.260,498.866,36.461,37.559,1369.445,0.84458,0,0.01850,0.06919
18594754184880,1008.261,517.606,989.987,498.801,36.547,37.610,1374.540,0.87966,0,0.01850,0.06919
18637765521514,776.652,591.589,758.197,572.536,36.910,38.107,1406.537,0.84811,0,-0.17150,0.13719
18637997372919,776.786,591.443,758.351,572.335,36.871,38.215,1409.013,0.83481,0,-0.17150,0.13719
18638130829310,776.962,591.501,758.613,572.498,36.697,38.005,1394.648,0.83473,0,-0.17150,0.13719
18638264736317,776.514,591.843,758.353,572.981,36.323,37.724,1370.258,0.85476,0,-0.17150,0.13719
18638465203842,776.326,591.625,758.375,572.750,35.903,37.750,1355.321,0.84718,0,-0.17150,0.13719
18638700751783,776.508,591.618,758.483,572.686,36.050,37.864,1364.973,0.84552,0,-0.17150,0.13719
18639300235248,776.760,591.307,758.333,572.362,36.853,37.890,1396.337,0.84290,0,-0.17150,0.13719
18639732564943,776.925,591.197,758.508,572.167,36.833,38.060,1401.866,0.82347,0,-0.17150,0.13719
18640033045712,776.775,590.642,758.503,571.601,36.544,38.082,1391.688,0.83581,0,-0.17150,0.13719
18646939362205,777.936,590.126,759.792,571.287,36.288,37.678,1367.257,0.84346,0,-0.17150,0.13719
18647206589150,777.732,590.473,759.247,571.464,36.969,38.019,1405.549,0.85725,0,-0.17150,0.13719
18648274327988,777.428,591.011,758.800,571.707,37.257,38.608,1438.421,0.82682,0,-0.17150,0.13719
18648508690233,777.334,591.272,758.924,572.287,36.820,37.969,1398.037,0.84975,0,-0.17150,0.13719
18648841428654,777.496,590.808,758.931,571.716,37.131,38.185,1417.858,0.83785,0,-0.17150,0.13719
18649242373357,777.680,591.171,758.846,571.819,37.668,38.703,1457.866,0.82636,0,-0.17150,0.13719
18649476465592,777.218,590.878,758.965,571.936,36.505,37.884,1382.984,0.81602,0,-0.17150,0.13719
18651778121276,776.575,591.801,758.275,572.784,36.600,38.035,1392.067,0.83449,0,-0.17150,0.13719
18652778965966,776.915,591.641,758.941,572.622,35.948,38.038,1367.382,0.84820,0,-0.17150,0.13719
18702798735888,411.747,570.093,393.150,550.840,37.195,38.507,1432.253,0.89771,0,-0.44450,0.12719
18703029653967,411.431,569.899,393.034,550.926,36.793,37.946,1396.154,0.89283,0,-0.44450,0.12719
18703163989286,411.543,569.819,392.928,550.612,37.232,38.414,1430.206,0.89354,0,-0.44450,0.12719
18703466237949,411.608,569.891,393.055,550.566,37.107,38.650,1434.163,0.89361,0,-0.44450,0.12719
18703634986093,411.476,569.607,392.921,550.436,37.111,38.343,1422.954,0.88965,0,-0.44450,0.12719
18703798365796,411.149,569.874,392.283,550.690,37.731,38.367,1447.620,0.90050,0,-0.44450,0.12719
18703931907247,411.409,570.208,392.598,550.715,37.623,38.985,1466.711,0.90025,0,-0.44450,0.12719
18704065056232,411.628,569.724,393.013,550.484,37.230,38.481,1432.666,0.88100,0,-0.44450,0.12719
18704198012257,411.426,569.400,393.443,550.429,35.966,37.942,1364.607,0.85159,2,-0.44450,0.12719
18704597604665,410.461,569.935,392.323,550.688,36.276,38.493,1396.352,0.85348,2,-0.44450,0.12719
18707567414274,410.075,570.490,391.480,551.286,37.190,38.409,1428.412,0.89511,0,-0.44550,0.12619
18707738041222,410.056,570.570,391.305,551.402,37.500,38.337,1437.650,0.88866,0,-0.44550,0.12619
18707901715431,409.431,570.665,390.381,551.356,38.099,38.619,1471.323,0.90275,0,-0.44550,0.12619
18708235222385,409.698,570.520,391.009,551.425,37.378,38.191,1427.514,0.89486,0,-0.44550,0.12619
18708402777544,410.098,570.562,391.373,551.385,37.448,38.354,1436.285,0.89207,0,-0.44550,0.12619
18708569880965,409.963,570.723,391.295,551.472,37.335,38.501,1437.448,0.88957,0,-0.44550,0.12619
18708738538642,409.934,570.609,391.249,551.316,37.369,38.585,1441.896,0.89580,0,-0.44550,0.12619
18708903413830,409.982,570.492,391.458,551.486,37.047,38.012,1408.219,0.89019,0,-0.44550,0.12619
18709070791345,410.249,570.539,391.274,551.163,37.951,38.752,1470.658,0.89363,0,-0.44550,0.12619
18709236862749,409.945,570.537,391.503,551.504,36.885,38.066,1404.095,0.89795,0,-0.44550,0.12619
18733193351403,269.450,603.791,251.585,585.174,35.730,37.232,1330.314,0.89063,0,-0.55750,0.15819
18733560755417,269.044,603.832,251.084,585.376,35.920,36.912,1325.890,0.90002,0,-0.55750,0.15819
18733693505648,269.567,603.736,251.989,585.619,35.155,36.233,1273.781,0.88830,0,-0.55750,0.15819
18734460895183,269.707,603.278,252.064,585.216,35.288,36.122,1274.676,0.89517,0,-0.55750,0.15819
18734662880395,269.698,603.362,251.910,584.989,35.576,36.745,1307.247,0.89300,0,-0.55850,0.15819
18735262557363,269.357,603.037,251.588,584.513,35.538,37.047,1316.582,0.89939,0,-0.55850,0.15719
18735628151346,269.548,602.976,251.956,584.639,35.185,36.674,1290.356,0.88763,0,-0.55850,0.15819
18735829101882,269.652,603.664,251.867,585.519,35.569,36.289,1290.777,0.89001,0,-0.55850,0.15819
18735997456937,269.504,603.632,251.872,585.366,35.265,36.531,1288.283,0.88692,0,-0.55850,0.15819
18736395793432,269.253,602.918,251.279,584.278,35.948,37.279,1340.103,0.87893,0,-0.55850,0.15819
18736596855634,269.546,603.361,251.755,585.093,35.581,36.536,1299.957,0.89012,0,-0.55850,0.15819
